"sppid";"Name";"Family";"CommonName";"Name";"Native/Invasive";"nemba";"EDRR target species (www.CTinvasives.co.za)";"Diagnostics";"Peninsula Notes"
202;"Agapanthus praecox ";"AGAP";"Agapanthus";"Agapanthus praecox ";"Extralimital";;;"Typical Agapanthus flowers; large, purple";"Mainly in gardens; planted around buildings; hybridizes with local species in veld "
246;"Brachylaena discolor ";"ASTE";"Coast Silver Oak";"Brachylaena discolor ";"Extralimital";;;"Leaf lanceolate to obovate, dark green above margin entire or irregularly toothed; flowers discoid, cream";"Not recorded in 1950"
247;"Brachylaena elliptica ";"ASTE";"Bitterleaf";"Brachylaena elliptica ";"Extralimital";;;"Leaf lanceolate to elliptic, aromatic, white-felt below; flowerheads discoid, cream";"Not recorded in 1950"
279;"Ceratotheca triloba ";"PEDA";"Wild Foxglove";"Ceratotheca triloba ";"Extralimital";;;"Annual, tall; leaf green soft, 3 lobes with toothed margins; flowerheads tall, sparsely flowered spikes, with only a few flowers at a time; flowers tubular mauve or white, lower lip with purple lines";"Escape from Kirstenbosch; Not recorded in 1950"
295;"Chlorophytum capense ";"ANTH";"Spider Plant";"Chlorophytum capense ";"Extralimital";;;"Stems short fleshy, roots slender; leaves flat, with a keel below; flowerheads branched; bracts shorter than stalks; petals spreading";"Under trees or by streams; rare; Groote Schuur and Newlands estates"
301;"Cleome monophylla";"CAPP";"Spindlepod";"Cleome monophylla";"Extralimital";;;"Annual, erect, branched; taproots long";"Not recorded in 1950"
38;"Dichondra micrantha";"CONV";"Wonderlawn";"Dichondra micrantha";"Extralimital";;;"Prostrate herb; stems slender, rooting; leaf circular; flowers small, stalked, sepals silky outside; fruit a hairy, 2-lobed capsule";"Lawn plant; weed in moist and shady areas; was D. repens"
339;"Ekebergia capensis";"MELI";"Cape Ash";"Ekebergia capensis";"Extralimital";;;"Young branches with white lenticels; leaf straight, base asymmetric, usually hairless; flowers in lax panicles, sexes on separate plants; fruit fleshy, pink to red when ripe; cf Harpephyllum - with curved leaflets and watery sap";"Widely planted as 'indigenous' - coppices from roots far from parent"
347;"Erodium botrys ";"GERA";"Longbeak Storksbill";"Erodium botrys ";"Extralimital";;;"Annual, ascending, bristly hairs; leaf deeply 3-4 lobed, uppermost toothed; flowerheads glandular hairy, 1-4 flowers; petals twice as long as sepals; fruit beak 80-100mm long";"Roadside; local; Pinelands and Ndabeni"
383;"Harpephyllum caffrum";"ANAC";"Wild Plum";"Harpephyllum caffrum";"Extralimital";;;"Leaves at ends of branches, spiralled, asymmetrical; cf Ekebergia";"Not recorded in 1950"
399;"Indigofera torulosa var. torulosa";"FABA";"Contorted Pea";"Indigofera torulosa var. torulosa";"Extralimital";;;"Herb; leaflets without stipules; calyx irregular with 2 upper teeth rounded and wide; pod hairy, flat";"Waste areas; Pinelands"
88;"Ipomoea cairica var. cairica";"CONV";"Mile-a-minute Vine";"Ipomoea cairica var. cairica";"Extralimital";;;"Perennial, tuberous rootstock; stems twining; flowers with dark centre";"From SAPIA 2010"
62;"Xysmalobium undulatum";"APOC";"Wavyleaf Cotton";"Xysmalobium undulatum";"Extralimital";;;"Perennial, 1.8m erect, robust stems from rootstock; leaf leathery, l80-270mm long; flowers greenish; petal tips recuved, dense bearded inside; fruit large, inflated, long hairs; cotton seeds";"roadside weed recorded from Cape Peninsula; indigenous to Grassveld"
412;"Lapsana communis ";"ASTE";"Nipplewort ";"Lapsana communis ";"insufficiently known";;;"Annual, erect; leaf occ. pinnately lobed at base; flowerheads small, in branched clusters, opening only in bright sunlight, involucral bracts hairless, except for minute hairs at tip";"Waste areas; rare; Claremont"
86;"Acacia adunca";"FABA";"Wallangara Wattle";"Acacia adunca";"Invasive";"1a";;"Phyllodes dark green, oily, pendulous 60-100mm long, 1-3mm wide; flowers spherical, in large racemes, flowering prolonged; fruit straight, swollen over seeds";"From SAPIA 2010; grows on granites in Australia"
128;"Acacia baileyana ";"FABA";"Baileys Wattle";"Acacia baileyana ";"Invasive";3;"not listed";"Leaflets minute, grey or blue, 2-4 side branches, with glands at pinnae bases";"Not recorded in 1950"
129;"Acacia cyclops ";"FABA";"Rooikrans";"Acacia cyclops ";"Invasive";"1b";"not listed";"Phyllodes 3-5 veined from base; seeds in curly pods; galls like miniature pod cluster (spider-like); seeds black surrounded by red aril";"Very common on flats"
184;"Acacia dealbata ";"FABA";"Silver Wattle";"Acacia dealbata ";"Invasive";2;;"Leaves large, compact; leaflets minute, many, silver-grey to light green;  growth tips velvety, glands at pinnae bases; flowerheads globose, axillary, bright yellow";"Kirstenbosch and Newlands; not setting seed in 1950"
185;"Acacia elata ";"FABA";"Green Wattle";"Acacia elata ";"Invasive";"1b";"listed";"Large tree; side branches heavy, low; leaves and leaflets large (20-50mm long); flowerheads globular, pale yellow, large sprays ";"Granite Fynbos, roadsides, disturbed areas; occasional, but large impact; Kirstenbosch to Tokai; not recorded in 1950"
186;"Acacia implexa ";"FABA";"Screw-pod Wattle";"Acacia implexa ";"Invasive";"1a";"listed";"Phyllodes several veined, narrow, sickle shaped, pendulous, tip pointed; root coppicer with juvenile leaves doubly pinnate; pods strongly twisted; seed stalk white, not encircling seed seeds ";"Sandy soil; occasional, forming dense stands from root coppice; Tokai"
187;"Acacia longifolia ";"FABA";"Longleaf Wattle";"Acacia longifolia ";"invasive";"1b";"not listed";"Phyllodes 2-5 veined from base; Flowerheads elongate; galls round, smooth";"Very common on flats"
188;"Acacia mearnsii ";"FABA";"Black Wattle";"Acacia mearnsii ";"Invasive";2;"not listed";"Leaf compact; leaflets small, dark olive green, glands occur at and between pinnae on stalk;  flowerheads globose, terminal, pale yellow; cf Paraserianthus";"In 1950 casual on roadsides; Groote Schuur and Camps Bay"
189;"Acacia melanoxylon ";"FABA";"Australian Blackwood";"Acacia melanoxylon ";"Invasive";2;"not listed";"Phyllodes 3-7 veined at base, straight, erect, dark green; root coppicer with juvenile and coppice leaves doubly pinnate; seeds encircled by seed stalk pinkish-red";"Kloofs and forests; locally plentiful; Tokai, Devils Peak and Spilhaus Ravine"
190;"Acacia paradoxa ";"FABA";"Kangaroo Thorn";"Acacia paradoxa ";"Invasive";"1a";"listed";"Phyllodes small, wavy; spines slender, in pairs; pods with white woolly hairs";"Shale Fynbos; rare; lower slopes of Devils Peak"
191;"Acacia podalyriifolia ";"FABA";"Pearl Wattle";"Acacia podalyriifolia ";"Invasive";"1b";"listed";"New growth covered with grey powder and dense velvet hairs; leaf oval, silver-grey; pods twisted";"Sandy soil; occasional; Tokai"
192;"Acacia pycnantha ";"FABA";"Golden Wattle";"Acacia pycnantha ";"Invasive";"1b";"not listed";"Phyllodes sickle-shaped, single mid vein, pendulous, very broad when young; galls round, smooth";"Roadside; Wildschutsbrand, Devils Peak and Pinelands"
193;"Acacia saligna ";"FABA";"Port Jackson Wattle";"Acacia saligna ";"Invasive";"1b";"not listed";"Resprouter; leaves single veined, erect to pendulous, willow like;  galls irregularly cancer shaped";"Flats and hill slopes; very common"
87;"Acacia stricta";"FABA";"Hop Wattle";"Acacia stricta";"Invasive";"1a";"not listed";"Very erect tree with smooth bark; phyllodes 5-14mm long, single veined, hairless; flowerheads 2-4 in leaf axils; pods straight";"From SAPIA 2010; a problem in Knysna"
194;"Acacia subporosa ";"FABA";"Narrow-leaf Bower Wattle ";"Acacia subporosa ";"Invasive";"not listed";"not listed";"Branches often weeping; phyllodes with resinous bands, often sticky hairless (but margins minutely haired); flowerheads globose, 1-3 per leaf axil, yellow; pods straight";"Not recorded in 1950"
195;"Acacia viscidula ";"FABA";"Sticky Wattle";"Acacia viscidula ";"Invasive";"not listed";"not listed";"Phyllodes narrow (< 5mm), with 3-7 longitudinal veins, leaves and branchlets resinous and sticky, flowerheads globular, 1-2, axillary";"Not recorded in 1950"
196;"Acanthus mollis";"ACAN";"Bears Breeches";"Acanthus mollis";"Invasive";"not listed";"not listed";"Herbaceous perennial, oversummering as tubers; leaf deeply lobed and large; flowerheads to 2.5m tall; flowers partly hidden by spiny green-purple bracts, tubular, pale ";"Not recorded in 1950; mainly in moist disturbed areas in shade"
197;"Acer negundo ";"ACER";"Box Elder";"Acer negundo ";"Invasive";3;"not listed";"Leaf 3-7 foliate (rarely 1), bright green; flowers in drooping racemes; fruit with two membranous helicopter wings";"Not recorded in 1950; there are 3 subspecies - not sure which we have."
198;"Achyranthes aspera var. aspera";"AMAA";"Burweed";"Achyranthes aspera var. aspera";"Invasive";"not listed";"not listed";"Perennial, sprawling; branches striate; flowers in terminal, pinkish, spiky spikes up to 250mm long";"In shade and wetlands on lower slopes; occasional; Devils Peak, Table Mountain, Tokai"
200;"Adiantum raddianum";"PTER";"Rads Maidenhair Fern";"Adiantum raddianum";"invasive";"not listed";"not listed";"Fronds arching, 3-4 pinnate; indusial flaps kidney-shaped";"Not recorded in 1950"
125;"Agave americana var. americana";"AGAV";"Floppy American Agave";"Agave americana var. americana";"Invasive";3;"not listed";"Leaves green, with toothed margins, terminal spine, flopping downwards; fruit giving rise to bulbils";"Not recorded in 1950"
77;"Agave americana var. expansa";"AGAV";"Erect American Agave";"Agave americana var. expansa";"invasive";3;"not listed";"Leaves green, with toothed margins, terminal spine, erect; fruit giving rise to bulbils";"Not recorded in 1950"
126;"Agave sisalana";"AGAV";"Sisal";"Agave sisalana";"Invasive";"1b";"not listed";"Leaves light grey, terminal spine; fruit capsule ";"Not recorded in 1950"
203;"Ageratina adenophora ";"ASTE";"Crofton Weed";"Ageratina adenophora ";"Invasive";"1b";"not listed";"Perennial; densely glandular hairy; leaf long petiole, blade 3-veined, rhombic, dark green, non-aromatic;  flowers white in terminal clusters";"Not recorded in 1950"
13;"Ageratum houstonianum";"ASTE";"Mexican Ageratum";"Ageratum houstonianum";"Invasive";"1b";"not listed";"Annual herb, soft hairs, slightly aromatic; flowers fluffy, in compact, terminal flowerheads; headlets 6-9mm across, styles long, exserted, robust";"Not recorded on Peninsula; a serious weed of agricultural crops"
612;"Agonis flexuosa";"MYRT";"Western Australian Peppermint Gum";"Agonis flexuosa";"Invasive";"not listed";"not listed";"Tree, small, robust, weeping; bark fibrous/stringy brown; leaves long, narrow lanceolata, peppermint odour if crushed; flowers in small white clusters.";"Constantia  - Alphen trail"
28;"Agrostemma githago subsp. githago";"CARY";"Common Corncockle";"Agrostemma githago subsp. githago";"Invasive";"not listed";"not listed";"Annual, erect to 1m, fine hairy; leaf linear, grey; flowers terminal, scentless; sepals tube ridged, pointed, longer than petals, hairy; petals pink with 2-3 black lines; fruit many seeded capsule";"Purcell in Bergvliet (1917); weed of cereal crops"
204;"Agrostis avenacea ";"POAC";"Bent Grass";"Agrostis avenacea ";"Invasive";"not listed";"not listed";"Annual, lemma 4-nerved, glume long";"Disturbed and wet areas, infrequent"
205;"Ailanthus altissima ";"SIMA";"Tree of Heaven";"Ailanthus altissima ";"Invasive";"1b";"listed";"Deciduous tree; leaves large (300mm-1m long), bad smell if bruised; suckers profusely";"Garden escape, roadsides; occasional; Constantia, Wynberg; not recorded in 1950"
206;"Aira cupaniana ";"POAC";"Silver Hairgrass";"Aira cupaniana ";"Invasive";"not listed";"not listed";"A variable species, confused with Pentaschistis airoides which has a hair fringe ligule";"Shallow soils, damp areas, also open deep sands, far from disturbance; common"
207;"Alisma plantago-aquatica ";"ALIS";"Common Water Plantain";"Alisma plantago-aquatica ";"Invasive";"1b";"not listed";"Perennial; leaves broad, lanceolate, base rounded or heart-shaped; flowers lilac, in whorls; fruit ring of nutlets";"Edges of vleis; locally abundant; Lansdowne"
208;"Allium triquetrum";"ALLI";"Three-cornered Garlic";"Allium triquetrum";"Invasive";"not listed";"not listed";"Strong Garlic scent, leaves ribbed triangular";"Granite soils, disturbed areas; locally abundant; (Not reocrded in 1950) Kirstenbosch to Kloof Neck"
209;"Alnus glutinosa ";"ULMA";"Common Alder";"Alnus glutinosa ";"Invasive";"not listed";"not listed";"Bark dark brown, rugged; male catkins with 3 flowers; female catkins ripening to ovoid cones";"Along streams; occasional; east side Table Mountain, Camps Bay, Silvermine"
210;"Alternanthera pungens ";"AMAA";"Khaki Burweed";"Alternanthera pungens ";"Invasive";"not listed";"not listed";"Prostrate Perennial; tuberous rootstock; branches numerous and rooting at nodes";"Disturbed areas; local at Green Point, Woodstock and Maitland"
211;"Amaranthus deflexus ";"AMAA";"Perennial Pigweed";"Amaranthus deflexus ";"Invasive";"not listed";"not listed";"Prostrate to ascending; perennial; much branched, stems rough; taproot stout and fleshy; flowerhead branched, petals 2; fruit with veins";"Very common in disturbed areas; very drought tolerant"
212;"Amaranthus hybridus subsp. hybridus";"AMAA";"Cape Pigweed";"Amaranthus hybridus subsp. hybridus";"Invasive";"not listed";"not listed";"Erect, branched, summer annual; leaves green; flowers tiny, mixed with pointed bracts, bracteoles of female flowers awn-shaped, spreading";"Cultivated and disturbed areas, especially sand; common"
213;"Amaranthus lividus subsp. polygonoides";"AMAA";"Livid Amaranth";"Amaranthus lividus subsp. polygonoides";"Invasive";"not listed";"not listed";"Annual, stems hairless, flowerhead branched; petals in females 3, without veins";"Cultivated areas; occasional"
214;"Amaranthus muricatus ";"AMAA";"Pigweed";"Amaranthus muricatus ";"Invasive";"not listed";"not listed";"Prostrate perennial; stems ridged; flowerhead a slender spike, bracts shorter than flowers; flowers with 5 petals in males and 4 in females, very thin";"Very local at Green Point Common; common"
216;"Ambrosia artemisiifolia ";"ASTE";"Common Ragweed";"Ambrosia artemisiifolia ";"Invasive";"not listed";"not listed";"Stems branched, angled, often reddish; flowerheads greenish, rayless; fruit prickly";"Not recorded in 1950"
217;"Ammi majus ";"APIA";"Lace Flower";"Ammi majus ";"Invasive";"not listed";"not listed";"Biennial; leaf lobes tangled; flowers in umbels, petals unequal; lower bracts 3-forked";"Not recorded in 1950"
218;"Ammophila arenaria ";"POAC";"Marram Grass";"Ammophila arenaria ";"Invasive";3;"not listed";"Leaf blade rolled; awns absent";"Seashore and dunes; used for erosion control; common at Hout Bay and Fish Hoek, occasional elsewhere"
33;"Amsinckia menziesii var. intermedia";"BORA";"Fireweed Fiddleneck";"Amsinckia menziesii var. intermedia";"Invasive";"not listed";"not listed";"Annual, erect, fine thorny hairs on stems and leaves; leaf 10-40mm long; flowers in coiled spikes, orange-yellow, tube long, anthers in tube, lobes 3-4mm long";"From Bromilow; was A. intermedia"
220;"Anagallis arvensis ";"PRIM";"Scarlet Pimpernel";"Anagallis arvensis ";"Invasive";"not listed";"not listed";"Annual, much branched; prostrate to suberect, hairless; stems square, flowers blue, starlike, solitary, petals hairless, narrow, stamens with hairs coloured white, pink or purple";"Open places on flats and lower slopes; frequent"
221;"Anagallis foemina ";"PRIM";"Blue Pimpernel";"Anagallis foemina ";"Invasive";"not listed";"not listed";"Annual, much branched; prostrate to suberect; stems square, flowers pale scarlet or pink or purple, with a red band at the petal base, starlike, solitary, petals fringed; stamen hairs coloured red or purple";"Open places on flats and lower slopes; common"
222;"Anredera cordifolia ";"BASE";"Madeira Vine";"Anredera cordifolia ";"Invasive";"1b";"not listed";"Aerial tubers in leaf axils; minute, white flowers born in large sprays, fragrant";"Not recorded in 1950"
223;"Anthemis cotula ";"ASTE";"Dog Fennel";"Anthemis cotula ";"Invasive";"not listed";"not listed";"Biennial; sickly smell; stems slightly hairy; leaf feathery; flowerheads solitary, daisy, disc yellow, rays white; bracts white with green midrib";"Waste areas; occasional; Green Point, Camps Bay, Newlands, Hout Bay"
224;"Anthoxanthum odoratum ";"POAC";"Sweet Vernal Grass";"Anthoxanthum odoratum ";"Invasive";"not listed";"not listed";"Coumarin-scented; spikelets densely hairy; lemma 3mm long";"Humic soils in moist areas; locally common, localized; Kirstenbosch and Newlands"
225;"Antirrhinum orontium ";"SCRO";"Lesser Snapdragon";"Antirrhinum orontium ";"Invasive";"not listed";"not listed";"Annual, erect, short, downy, Leaves linear, downy; flowers pink-purple, pouched, stalk short, sepals narrow, as long as petals, petals without spur;  ";"Mountain slopes; occasional; Lions Head to Kirstenbosch"
226;"Apium graveolens ";"APIA";"Celery";"Apium graveolens ";"Invasive";"not listed";"not listed";"Biennial; leaf hairless, celery scented, shiny, large toothed; flowers in white umbels, no bracts";"Very local in ditches on the Cape Flats; occasional; Retreat, Rondevlei and Crawford"
227;"Araujia  sericifera";"APOC";"Moth Catcher";"Araujia  sericifera";"Invasive";"1b";"not listed";"Flowers with white Milkweed centres, fruit spongy with silky-haired seeds";"Not recorded in 1950"
9;"Argemone mexicana forma mexicana";"PAPA";"Yellow Mexican Poppy";"Argemone mexicana forma mexicana";"Invasive";"1b";"not listed";"Annual, milky yellow juice; taproot stout, long; leaf green to purple, with sharply spiny, easily detached teeth, usually hairless; flower bright yellow; fruit prickly, ovoid, opening at top";"Not recorded in 1950, mapped by Bromilow; disturbed and cultivate land; occasional"
228;"Argemone ochroleuca subsp. ochroleuca";"PAPA";"White Mexican Poppy";"Argemone ochroleuca subsp. ochroleuca";"Invasive";"1b";"not listed";"Annual, milky bright yellow juice; taproot stout, long; leaf purple, with sharply spiny, easily detached teeth, usually hairless; flower very pale yellow;  fruit prickly, oblong, opening at top";"Disturbed and cultivate areas; occasional; Proclaimed noxious weed; was A. subfusiformis"
229;"Aristolochia littoralis ";"ARIS";"Dutchmans Pipe";"Aristolochia littoralis ";"Invasive";"not listed";"not listed";"Leaves heart-kidney shaped, with veins from base; flowers large maroon ""pipes"", fruit six ribbed ";"Not recorded in 1950"
230;"Arrhenatherum elatius ";"POAC";"Tall Catgrass";"Arrhenatherum elatius ";"Invasive";"not listed";"not listed";"Panicle with unequal branches";"Disturbed areas, infrequent"
231;"Arundo donax ";"POAC";"Giant Reed";"Arundo donax ";"Invasive";"1b";"not listed";"Robust bamboo-like reed; leaf sheaths persistent; leaf bases broad (beware: Phragmites has straight culms and narrow leaf bases)";"Rivers and vleis, locally common, infrequent"
233;"Atriplex lindleyi subsp. inflata";"CHEN";"Sponge-fruit Saltbush";"Atriplex lindleyi subsp. inflata";"Invasive";"1b";"not listed";"Perennial; leaves silver grey; fruit spongy inflated utricles";"Not recorded in 1950"
36;"Atriplex muelleri";"CHEN";"Annual Saltbush";"Atriplex muelleri";"Invasive";"not listed";"not listed";"Erect-spreading annual; leaves obovate, to 50mm long; flowers axillary; fruiting bracts subglobose; capsules fan-shaped, flattened";"Roadside, waste ground, near the sea; less common inland in natural vegetation"
234;"Atriplex nummularia subsp. nummularia";"CHEN";"Old Man Saltbush";"Atriplex nummularia subsp. nummularia";"Invasive";2;"not listed";"Stems creamy white; leaves grey, salty taste, elliptic to circular; fruit papery or corky";"Not recorded in 1950"
236;"Avena barbata ";"POAC";"Slender Wild Oats";"Avena barbata ";"Invasive";"not listed";"not listed";"Robust annual, tufted; spikelets white-straw hairs, pendulous; awns long";"Sandy soil, disturbed areas and roadsides, common, less so in natural vegetation"
237;"Avena fatua ";"POAC";"Common Wild Oats";"Avena fatua ";"Invasive";"not listed";"not listed";"Robust annual, tufted; spikelets brown hairs, pendulous; awns long";"Sandy soil, disturbed areas and roadsides, locally dominant"
238;"Avena sativa ";"POAC";"Common Oats";"Avena sativa ";"Invasive";"not listed";"not listed";"Robust annual, tufted; spikelets hairless, pendulous; awns long";"Disturbed areas and roadsides, stray from cultivated, not truly naturalized; locally dominant"
239;"Avena sterilis subsp. ludoviciana";"POAC";"Winter Wild Oats";"Avena sterilis subsp. ludoviciana";"Invasive";"not listed";"not listed";"Robust annual, tufted; spikelets usually hairy on lemma, lemma tips with .5mm long teeth, pendulous; awns long; ligule 3mm long; up to 3 florets";"Sandy soil, disturbed areas, common"
240;"Avena sterilis subsp. sterilis";"POAC";"Tall Wild Oats";"Avena sterilis subsp. sterilis";"Invasive";"not listed";"not listed";"Robust annual, tufted; spikelets usually hairy on lemma, lemma tips with .5mm long teeth, pendulous; awns long; ligule 5-6mm long; up to 5 florets";"Sandy soil, disturbed areas, common"
241;"Azolla filiculoides ";"AZOL";"Red Water Fern";"Azolla filiculoides ";"Invasive";"1b";"not listed";"Floating, minute, circular leaves with unbranched roots below";"Rivers and vleis locally abundant"
16;"Bambusa balcooa";"POAC";"Bamboo";"Bambusa balcooa";"Invasive";"not listed";"not listed";"Rhizomatous, bamboo-like, 15-21m tall; grows in dense clumps;";"Not recorded in 1950"
242;"Barbarea verna ";"BRAS";"American Cress";"Barbarea verna ";"Invasive";"not listed";"not listed";"Perennial, hairless; flowers 4-cross, yellow, buds hairless, pods long, stiffly erect";"Damp, sheltered areas; very local; Newlands and Kirstenbosch"
618;"Barbarea vulgaris var. arcuata";"BRAS";"Yellow Rocket";"Barbarea vulgaris var. arcuata";"Invasive";"not listed";"not listed";"Annual or biennial; leaves in basal rosette leaves; flower stalk hairless, green to reddish, branched into secondary stalks; flowers 4-cross, yellow in racemes.";"Tafelberg Road"
243;"Beta vulgaris ";"CHEN";"Beetroot";"Beta vulgaris ";"Invasive";"not listed";"not listed";"Sprawling, red tinged, hairless; leaf dark green, leathery;  flowerheads with bracts at right angles; petals thick; stamens on a fleshy disc";"Damp rocks near the sea; Sea Point"
244;"Betula alba";"ULMA";"White Birch";"Betula alba";"Invasive";"not listed";"not listed";"Bark shiny red-brown aging to pinkish white with horizontal dark bands; stems with raised white warts; male catkins on branch ends, female flowers 6 on branched stalk below males; fruit gherkin-shaped, turning brown and breaking up after a few months";"In 1950 under plantations on Back Table"
245;"Bidens pilosa ";"ASTE";"Common Blackjack";"Bidens pilosa ";"Invasive";"not listed";"not listed";"Annuals; stems striate, green or with brown stripes; leaves 3-5 leaflets; seeds with terminal hooks";"Locally frequent"
115;"Billardiera heterophylla";"PITT";"Bluebell Creeper";"Billardiera heterophylla";"Invasive";"1a";"not listed";"Rounded shrub, with twining branches; new shoots silky hairy; leaf trilobed when juvenile, linear when adult, softly hairy aging hairless, bright green; flowerheads with 1-3 bell flowers, slender nodding; fruit green-blue, cylindrical, seeds many, sticky";"From SAPIA 2010; was Sollya;"
50;"Boerhavia diffusa";"NYCT";"Red Spiderling";"Boerhavia diffusa";"Invasive";"not listed";"not listed";"Perennial; decumbent, well branched; leaf mostly in basal part; flowerhead branched, diffuse, slender, with 2-5-flower clusters; fruit sticky, ribs abruptly bent, hairy";"Croplands, roadsides and bare areas"
248;"Brachypodium distachyon ";"POAC";"Purple False Brome";"Brachypodium distachyon ";"Invasive";"not listed";"not listed";"Awns long";"Disturbed areas, locally common"
249;"Brassica napus ";"BRAS";"Oilseed Rape";"Brassica napus ";"Invasive";"not listed";"not listed";"Perennial, roughly hairy, tall slender; stem leaves clasping, sessile; flowers 4-cross, dull yellow, in  spike, sepals spreading";"Cultivated and disturbed areas; rare"
250;"Brassica oleracea ";"BRAS";"Wild Cabbage";"Brassica oleracea ";"Invasive";"not listed";"not listed";"Perennial, hairless, stem thick, woody at base, tall, straggling; leaves fleshy, upper leaves not clasping; flowers 4-cross, in long spike, sepals erect";"Disturbed areas; rare"
251;"Brassica tournefortii ";"BRAS";"Med Mustart";"Brassica tournefortii ";"Invasive";"not listed";"not listed";"Annual, slender; roughly hairy on lower parts;  flowers pale yellow, stigma 2-lobed; fruit hairless with a long beak with 1-3 seeds";"Sand at low altitudes; common"
252;"Briza maxima ";"POAC";"Large Turtle Grass";"Briza maxima ";"Invasive";"not listed";"not listed";"Panicles drooping; spikelets large 8-25mm long, humped turtles, no awns ";"Well-drained soils in disturbed areas and natural vegetation, locally common"
253;"Briza minor ";"POAC";"Small Quaking Grass";"Briza minor ";"Invasive";"not listed";"not listed";"Panicles drooping; spikelets small 2-5mm long, humped turtles, no awns ";"Moist shady and shady disturbed areas, locally common, infrequent in natural areas"
254;"Bromus catharticus ";"POAC";"Rescue Grass";"Bromus catharticus ";"Invasive";"not listed";"not listed";"Annual (or perennial); spikelets green, flat, large; awns short";"Moist to wet places, shade, mainly urban areas; common"
255;"Bromus diandrus ";"POAC";"Ripgut Brome";"Bromus diandrus ";"Invasive";"not listed";"not listed";"Leaf sheaths striped; panicle course, awns rough, green, to 60mm long";"Disturbed areas, locally common; cultivated areas and veld alongside"
256;"Bromus hordeaceus subsp. molliformis";"POAC";"Soft Brome";"Bromus hordeaceus subsp. molliformis";"Invasive";"not listed";"not listed";"Erect tussock, scabrid awns";"Disturbed areas, locally common"
71;"Bryophyllum delagoense";"CRAS";"Candelabra Plant";"Bryophyllum delagoense";"Invasive";"1b";"listed";"Leaves cylindrical, grey-green mottled with dark or red spots, opposite below and alternate or in whorls or 3 above, 2-9 teeth often with plantlets, shed before flowering; flowers tubular, pendant";"Not recorded on Peninsula"
117;"Buddleja davidii";"BUDL";"Butterflybush";"Buddleja davidii";"Invasive";3;"not listed";"Widely spreading evergreen to 5m; stems squarish; leaf lance-shaped, grey-green, on long arching stems, margins smooth or slightly toothed; flowers in long, terminal, pointed spikes, purple (vars various) with yellow centre";"From SAPIA 2010"
257;"Buddleja madagascariensis ";"BUDL";"Smokebush";"Buddleja madagascariensis ";"Invasive";3;"not listed";"Straggling shrub, with dense, stellate hairs; stipule reduced to a line; flowers orange- yellow, scented; ";"Not recorded in 1950"
37;"Callisia repens";"COMM";"Creeping Inchplant";"Callisia repens";"Invasive";"1b";"not listed";"Low growing; leaf green, fleshy, tinged purple beneath; flowers minte, white, inconspicuous";"Disturbed areas and sandy riverbanks"
258;"Callistemon citrinus";"MYRT";"Lemon Bottlebrush";"Callistemon citrinus";"Invasive";3;"not listed";"Branches stiff; leaves erect, veins visible both sides, 30-70mm long, 5-8mm wide; flowers on stems, bright red, anthers bright, not divided; fruit clustered on stem, retained";"Not recorded in 1950"
259;"Callistemon rigidus";"MYRT";"Stiffleaf Bottlebrush";"Callistemon rigidus";"Invasive";"1b";"not listed";"Branches stiff, erect; leaves erect, 50-70mm long, 3-4mm wide; flowers on stems, bright red, anthers bright, not divided; fruit clustered on stem, retained";"Not recorded in 1950"
260;"Callistemon viminalis";"MYRT";"Weeping Bottlebrush";"Callistemon viminalis";"Invasive";3;"not listed";"Branches drooping, leaves with secretory cavities if held to light, 30-70mm long, 3-7mm wide; flowers drooping, bright red, anthers bright, not divided; fruit clustered on stem, retained";"Not recorded in 1950"
615;"Calothamnus quadrifidus";"MYRT";"Lineleaf One-side Bottlebrush";"Calothamnus quadrifidus";"Invasive";"not listed";"not listed";"Robust shrub; leaves sessile, linear, 1-2mm wide; flowers brush-like in row, borne in bottlebrushes on old wood, red (white or yellow); seeds retained on stem in woody capsules.";"Below Tafelberg Road"
261;"Calothamnus sanguineus";"MYRT";"Scarlet One-side Bottlebrush";"Calothamnus sanguineus";"Invasive";"not listed";"not listed";"Erect; sepals and petals inconspicuous - grey or brown, anthers tubular but split below, crimson, fringed; seeds stored in rounded nuts on stem";"Sandy soil; rare; Silvermine"
262;"Canna indica ";"CANN";"Indian Shot";"Canna indica ";"Invasive";"1b";"not listed";"Perennial, erect, unbranched; leaf large, green; flowers red or orange narrow (cultivars broad); capsule, spiny, 3-valved";"Not recorded in 1950"
263;"Cannabis sativa ";"CANB";"Dagga";"Cannabis sativa ";"Invasive";"not listed";"not listed";"Annual, tall, strong smelling; leaf deeply lobed to base with 5-7 tips, lowermost opposite, upper alternate; flowers green; sexes separate";"Roadsides and disturbed areas; rare; occasionally cultivated in hidden areas"
264;"Capsella bursa-pastoris ";"BRAS";"Shepherds Purse";"Capsella bursa-pastoris ";"Invasive";"not listed";"not listed";"Annual-biennial, erect; very variable; branched from base, basal leaf rosette; flowers 4-cross, white; pod inverted, notched triangle";"Roadsides and waste areas; occasional "
265;"Cardamine hirsuta ";"BRAS";"Hairy Bittercress";"Cardamine hirsuta ";"Invasive";"not listed";"not listed";"Annual, hairy below, hairless above; leaf 3-7 pairs of pinnae; flowers 4-cross, minute; pods long, erect";"Damp areas, roadsides and cultivated areas; rare; Mowbray to Claremont"
12;"Cardiospermum grandiflorum";"SAPI";"Balloon Vine";"Cardiospermum grandiflorum";"Invasive";"1b";"listed";"Perenniel, with tendrils, potentially huge, draping; leaf bright green hairy; flowers many in compact heads, 7-11mm long, fragrant, pale; fruit inflated capsules, pointed; seed black, round with oblong white spot";"Not recorded on Peninsula"
266;"Carduus pycnocephalus ";"ASTE";"Corsican Thistle";"Carduus pycnocephalus ";"Invasive";"not listed";"not listed";"Annual; sharply spiny; flowerheads 20-40mm, usually solitary, rayless; bracts hairless with yellow spines; pappus not forming a clock";"Waste areas; frequent; northern areas "
267;"Carthamus lanatus ";"ASTE";"Distaff Thistle";"Carthamus lanatus ";"Invasive";"not listed";"not listed";"Annual; erect; leaves lobed below, upper linear, spiny, downy; Flowerheads rayless, yellow, solitary; flowers sticky haired; bracts leaflike, spiny";"Very rare; between Clifton and Sea point"
269;"Castanea dentata ";"FAGA";"American Chestnut";"Castanea dentata ";"Invasive";"not listed";"not listed";"Leaf with larger serrations; fruit spiny husk, bearing 3 nuts";"Not recorded in 1950; in USA now devastated by Blight"
268;"Castanea sativa";"FAGA";"Sweet Chestnut";"Castanea sativa";"Invasive";"not listed";"not listed";"Leaves large, ovate, serrate; fruit spiny husk, bearing 2 nuts";"Planted Newlands and Kirstenbosch"
270;"Casuarina cunninghamiana ";"CASA";"Beefwood";"Casuarina cunninghamiana ";"Invasive";"1b";"not listed";"""Leaves"" are branches (actual leaves scales, blackish, in rings), round ribbed; sexes separate plants   ";"Not recorded in 1950"
271;"Casuarina equisetifolia ";"CASA";"Horsetail Tree";"Casuarina equisetifolia ";"Invasive";2;"not listed";"""Leaves"" are branches (actual leaves scales, pale, in ring), sharply ribbed; both sexes on same plants   ";"Not recorded in 1950"
272;"Catapodium rigidum ";"POAC";"Fern Grass";"Catapodium rigidum ";"Invasive";"not listed";"not listed";"Spikelets one sided; awnless";"Disturbed areas and rock crevices, in moist, shady areas; infrequent to locally common"
273;"Catharanthus roseus";"APOC";"Madagascar Periwinkle";"Catharanthus roseus";"Invasive";"1b";"not listed";"Perennial, erect; leaves bright green, glossy; flowers solitary or paired, pink or white, 5 joined petals; fruit resembling flower buds, green";"Not recorded in 1950"
274;"Cedronella canariensis ";"LAMI";"Herb of Gilead";"Cedronella canariensis ";"Invasive";;"not listed";"Perennial, erect, strongly aromatic, nearly hairless; leaf trifoliate; flowerheads terminal, dense; flowers short, tubular, 2-lipped, white or pink, hairy";"Lowers eastern slopes of Table Mountain and Devils Peak; rather frequent; was Dracocephalum canariense"
275;"Celtis sinensis ";"CELT";"Chinese Hackberry";"Celtis sinensis ";"Invasive";;"not listed";"Leaves bright to dark green, glossy above; fruit dark orange, 6mm, on short, stout stalks; bark smooth (NB: C. africana - yellow/brown, 4mm, on long, thin stalks)";"Not recorded in 1950; capable of hybridizing with Celtis africana"
17;"Cenchrus incertus";"POAC";"Mat Sandbur";"Cenchrus incertus";"Invasive";;"not listed";"Annual tufted grass; burrs rounded, with clefts on two sides, spines variable, outermost spreading in all directions";"Not recorded in 1950, mapped by Bromilow; was C. pauciflorus"
276;"Centaurea calcitrapa ";"ASTE";"Red Starbur";"Centaurea calcitrapa ";"Invasive";;"not listed";"Perennial; stem stiff, downy; leaves almost hairless; flowerheads rayless, purple, solitary; bracts with long yellow spine; pappus not forming a clock";"Waste areas; rare; Green Point to Claremont"
44;"Centaurea cyanus";"ASTE";"Blue Cornflower";"Centaurea cyanus";"Invasive";;"not listed";"Annual; erect; leaves lobed below, upper linear, grey downy; flowerheads solitary; bracts with white scales and scaly margins; no ray florets; disc ""rays"" triangular, 3-5 large teeth, blue";"Waste areas and wheatfields"
277;"Centaurea melitensis ";"ASTE";"Malta Cornflower";"Centaurea melitensis ";"Invasive";;"not listed";"Annual; erect; leaves lobed below, upper linear, downy, resin dotted; flowerheads rayless, yellow, solitary; flowers sticky haired; bracts pinnate, spine tipped";"Waste areas; occasional; Maitland to Constantia and Hout Bay"
278;"Centranthus ruber ";"VALE";"Red Valerian";"Centranthus ruber ";"Invasive";"emerging";"listed";"Perennial; leaves pointed; upper strongly toothed at base; flowers five fused petals, red (or pink or white), fragrant, in rounded clusters ";"Disturbed areas, common from Signal Hill to Tokai; not recorded in 1950"
179;"Cereus jamacaru ";"CACT";"Queen of the Night";"Cereus jamacaru ";"Invasive";;"not listed";"Tree cactus, with erect stems from a short woody trunk; branches with about 6 ribs, green to blue-green; leaves spines in clusters of 5-10; flowers pink or red";"Not recorded in 1950; ornamental hedging"
280;"Cestrum aurantiacum";"SOLA";"Yellow Cestrum";"Cestrum aurantiacum";"Invasive";;"not listed";"Leaves with unpleasant peanut buttery smell; flowers orange yellow tubes; fruit small spongy berries ";"Not recorded in 1950"
281;"Cestrum laevigatum ";"SOLA";"Inkberry Cestrum";"Cestrum laevigatum ";"Invasive";;"not listed";"Leaves with unpleasant peanut buttery smell; flowers greenish yellow tubes; berries green turning purple black - sought after by birds";"Not recorded in 1950"
623;"Chamaecytisus prolifer var. palmensis";"FABA";"Tree Lucerne";"Chamaecytisus prolifer var. palmensis";"Invasive";;"not listed";"Tree, evergreen, unarmed; leaves softly-hairy, dull, trifoliate, margins smooth; flowers cream to white; seed pods hairy, flat, oval, turning black.";"Tokai"
283;"Chamaesyce maculata ";"EUPH";"Spotted Spurge";"Chamaesyce maculata ";"Invasive";;"not listed";"Annual, mat forming, to 300mm diam.; stems and leaf red or purplish, hairy; stipule interpetiolate";"Garden paths and cultivated land; frequent; was Euphorbia chamaesyce"
284;"Chenopodium album ";"CHEN";"Wild Goosefoot";"Chenopodium album ";"Invasive";;"not listed";"Annual, erect; taproots stout; stems green and red tinged; leaves variable simple to 3 lobed; seeds many, shiny black";"Cultivated and disturbed areas common "
285;"Chenopodium ambrosioides ";"CHEN";"Wormseed Goosefoot";"Chenopodium ambrosioides ";"Invasive";;"not listed";"Annual, much branched, aromatic, with glandular and simple hairs; leaf green or purple, flowerheads axillary, much branched, in axils of small leaves; petals yellow green";"Disturbed or cultivated areas, especially where moist or near sea, occ. In natural veld; frequent"
286;"Chenopodium botryodes ";"CHEN";"Small Red Goosefoot";"Chenopodium botryodes ";"Invasive";;"not listed";"Annual, hairless, variable, spreading; leaves thick; flowers persisting, petals thick, united in lower part, hairless; sepals not joined ";"Local at edges of vleis; abundant at Princessvlei, occasional at Rondevlei, Kommetjie and Milnerton"
287;"Chenopodium carinatum ";"CHEN";"Green Goosefoot";"Chenopodium carinatum ";"Invasive";;"not listed";"Annual, robust; stout taproot; leaf aromatic, to 30mm long, long stalk, glandular hairs; stipule leafy";"Not recorded in 1950"
180;"Chenopodium giganteum ";"CHEN";"Tree Spinach";"Chenopodium giganteum ";"Invasive";;"not listed";"Annual, stem erect, green with yellow or red stripes; leaf mealy when young, lower orange-red, middle blue-green, upper purple-pink; flowerhead terminal,  many horizontal branches; flowers pale, in small lax groups; petals with a  basal tube, tips free";"Roadsides and cultivated or waste ground in suburban areas; frequent"
288;"Chenopodium glaucum ";"CHEN";"Oakleaf Goosefoot";"Chenopodium glaucum ";"Invasive";;"not listed";"Annual, erect; leaf ovate-triangular, often red; flowers thickly mealy, in dense axillary clusters; outer flowers often without stamens";"Disturbed areas; rare; Sea Point to Claremont"
289;"Chenopodium multifidum ";"CHEN";"Stinking Goosefoot";"Chenopodium multifidum ";"Invasive";;"not listed";"Perennial, prostrate; roots deeply branched; leaf green to yellow or purple; flowerhead axillary, spreading at right angles; flowers crowded, petals united, forming a loose, bladder envelope to the fruit";"Waste and disturbed areas; very common"
290;"Chenopodium murale var. murale";"CHEN";"Nettleleaf Goosefoot";"Chenopodium murale var. murale";"Invasive";;"not listed";"Annual, erect; taproots stout; leaves variable usually without basal lobes; flowerhead leafy; flowers mealy; seeds many, shiny black";"Roadsides, waste areas and open places; very common"
292;"Chenopodium polyspermum ";"CHEN";"Manyseeded Goosefoot";"Chenopodium polyspermum ";"Invasive";;"not listed";"Annual, mealy (or not mealy A&S); stems square often reddish; leaves oval, untoothed, often red, hairy (hairless A&S); petals fused at base, midrib not thickened.";"Disturbed areas, rare; Groote Schuur to Kirstenbosch"
293;"Chinchonia pubescens ";"RUBI";"Quinine Tree";"Chinchonia pubescens ";"Invasive";;"not listed";"Bark turns red when cut; leaves thin, red when aged, prominent veined; stipules ovate; flowers in large heads, pink, fragrant";"Not recorded in 1950"
120;"Chrysanthemum carinatum ";"ASTE";"Marigold";"Chrysanthemum carinatum ";"Invasive";;"not listed";"Annual; erect; leaves deeply divided; fruits of ray florets broad, 3-winged";"Waste areas; occasional; from Sea Point to Muizenberg"
121;"Chrysanthemum segetum ";"ASTE";"Corn Chrysanthemum";"Chrysanthemum segetum ";"Invasive";;"not listed";"Annual; erect, simple or branched; taproots stout; leaves toothed to somewhat lobed; fruits of rays narrow, 2-winged";"Waste areas; rare; Claremont"
43;"Cichorium intybus subsp. intibus";"ASTE";"Chicory";"Cichorium intybus subsp. intibus";"Invasive";;"not listed";"Perennial; taproot large; stem tough, grooved, hairy, to 1m tall, spindly branched, milky sap; leaf stalked; flowerheads 20-40mm wide; bracts 2 rows; , rays bright blue, disc florets absent; achene with toothed scales";"Disturbed and waste areas, road verges; edible and used for ""coffee"""
32;"Ciclospermum leptophyllum";"APIA";"Fir-leaf Celery";"Ciclospermum leptophyllum";"Invasive";;"not listed";"taproot; leaf threadlike; flowerheads umbels of round flowers";"Damp places; was Apium"
297;"Cinnamomum camphora ";"LAUR";"Camphor Tree";"Cinnamomum camphora ";"Invasive";;"not listed";"Leaves and bark with camphor smell when crushed";"Widely planted; naturalised in wetlands at Tokai; locally common; not recorded in 1950 - despite plantings"
298;"Cirsium vulgare ";"ASTE";"Scotch Thistle";"Cirsium vulgare ";"Invasive";;"not listed";"Biennial; stems with wings; sharply spiny; leaves downy; flowerheads 20-40mm, usually solitary, rayless; bracts hairless with yellow spines; pappus not forming a clock";"Not recorded in 1950"
118;"Cissus antarctica";"VITA";"Kangaroo Vine";"Cissus antarctica";"Invasive";;"not listed";"Woody climber; new growth with rusty hairs, aging hairless; leaf 40-120mm long, with prominent raised domatia in vein axils, rusty-haired below, opposite tendril; tendril simple or 2-branched; flowerheads dense, yellow; fruit globose, 15 mm, purple";"From SAPIA 2010;"
299;"Cistus ladanifer ";"CIST";"Gum Rockrose";"Cistus ladanifer ";"Invasive";;"not listed";"Herbaceous shrub; very sticky, aromatic resin; leaves lanceolate, sessile; flowers solitary; petals white, often purple at base";"Bushy slopes above Kirstenbosch; local"
300;"Clematis recta ";"RANU";"Erect Clematis";"Clematis recta ";"Invasive";;"not listed";"Erect to sprawling shrub; flowers 4 greenish petals and lots of stamens; seeds with hairy plumes";"Not recorded in 1950"
96;"Colocasia esculenta";"ARAC";"Taro";"Colocasia esculenta";"Invasive";;"not listed";"Edible tubers; leaf  elephant-ear shape, to 600mm long; flowerhead a spathe, inconspicuous;";"From SAPIA 2010; Constantia, Lourens River; also Elephants Ear"
303;"Convolvulus arvensis ";"CONV";"Field Bindweed";"Convolvulus arvensis ";"Invasive";;"not listed";"Herbaceous, leaf blade with arrow base, stalk long; flowers with 5 pleats, petals 4-5 times longer than sepals; bracts small";"Roadsides and cultivated land; occasional"
304;"Conyza albida";"ASTE";"Tall Fleabane";"Conyza albida";"Invasive";;"not listed";"Annual, erect, usually single-stemmed; leaf grey green, narrow, finely hairy; flowers in branched heads, bracts hairy but no long apical hairs ";"Not recorded in 1950; was C. sumatrensis var. sumatrensis"
305;"Conyza bonariensis ";"ASTE";"Flaxleaf Fleabane";"Conyza bonariensis ";"Invasive";;"not listed";"Annual; subwoody, lateral branches overtopping main branch; flowerheads +10mm across, bracts hairy with tuft of hairs at tip; pappus pink or grey";"Waste areas; common; was C. ambigua"
306;"Conyza canadensis ";"ASTE";"Horseweed Fleabane";"Conyza canadensis ";"Invasive";;"not listed";"Annual; subwoody, unbranched; flowerheads small in loose branched spikes, rays white or mauve, discs yellow, bracts with brown inner surface; pappus cream ";"Waste areas; occasional"
97;"Coprosma repens";"RUBI";"Shiney Leaf";"Coprosma repens";"Invasive";;"not listed";"Rounded bush; leaf oblong, dark green (some variegated forms), glossy, slightly succulent; flowers insignificant; fruit a juicy berry";"From SAPIA 2010"
78;"Coreopsis lanceolata";"ASTE";"Tickseed";"Coreopsis lanceolata";"Invasive";;"not listed";"Perenniel herb offsetting from rhizome; stems ridged, sparsely branched; leavers mostly in a basal tuft, lower with lateral lobes, upper entire, slightly hairy to hairless; flowerheads showy, on long stalks, bright yellow, eight ray florets with 2-3 teeth";"From SAPIA 2010; roadsides"
308;"Coronopus didymus ";"BRAS";"Carrot Weed";"Coronopus didymus ";"Invasive";;"not listed";"Annual, stems prostrate, semi-erect, pungent smell; leaf feathery; flowers white, 4-cross or without petals, pods 2-lobed, notched ";"Cultivated and waste areas, frequent; veld on Cape Flats, occasional"
309;"Cortaderia jubata ";"POAC";"Jubata Grass";"Cortaderia jubata ";"Invasive";;"not listed";"Dense, large, tussock grass; leaf tip not bristled, margin rough, cutting; panicle loosely branching, feathery; old heads persistent, dark";"Disturbed areas, infrequent"
310;"Cortaderia selloana ";"POAC";"Pampas Grass";"Cortaderia selloana ";"Invasive";"1b";"listed";"Dense, large, tussock grass; leaf tip  bristled, margin rough, cutting; panicle stiffly branching, feathery; old heads persistent, light";"Seasonal wetlands; common"
311;"Corymbia ficifolia";"MYRT";"Red Blood Gum";"Corymbia ficifolia";"Invasive";;"not listed";"Round basal bole; bark scaly, fibrous, grey; flowers scarlet, large; fruit urn-shaped, 30mm long, stalked, valves enclosed";"Planted as roadside and avenue trees, spreading slowly at Tokai; not recorded in 1950"
312;"Cotoneaster  franchetii ";"ROSA";"Orangeleaf Cotoneaster";"Cotoneaster  franchetii ";"Invasive";;"not listed";"Leaves grey green, shiny above, 20-35mm long, 1-3mm petiole; petals red; fruit showy, orange-red, 3 nutlets";"Not recorded in 1950"
313;"Cotoneaster  lacteus ";"ROSA";"Bigleaf Cotoneaster";"Cotoneaster  lacteus ";"Invasive";;"not listed";"Leaves dark dull green above, densely hairy below, 25-76mm long, prominent side veins, 2-7mm petiole; fruit showy, red, 2 nutlets";"Not recorded in 1950"
314;"Cotoneaster pannosus ";"ROSA";"Silverleaf Cotoneaster";"Cotoneaster pannosus ";"Invasive";;"not listed";"Leaves dark dull green above, densely hairy below, 10-30mm long, 2-7mm petiole; fruit showy, dull crimson, 2 nutlets";"Not recorded in 1950"
56;"Crataegus pubescens";"ROSA";"Mexican Hawthorn";"Crataegus pubescens";"Invasive";;"not listed";"Tree to 10m, crown dense; thorns infrequent; leaf semi-evergreen, 40-80mm long; fruit globose  pome 20mm across";"Not recorded in 1950; was C. mexicana"
45;"Crotalaria agatiflora";"FABA";"Canarybird Bush";"Crotalaria agatiflora";"Invasive";;"not listed";"Shrub to creeper, to 10m tall; hairless-hairy; stipules linear or absent; leaf 3-foliate; racemes to 400mm, many flowered; petals greenish yellow; pod 700-1000mm long, hairless, rattling when dry";"Not recorded on Peninsula; garden thug, disturbed areas; there are 5 subspecies;"
317;"Cryptomeria japonica ";"CUPR";"Japanese Cedar";"Cryptomeria japonica ";"Invasive";;"not listed";"Leaf long pointed scales, base with keel running down shoot; cone 20mm oval, with spines on scales, stalked";"Not recorded in 1950"
64;"Cupressus macrocarpa";"CUPR";"Monterey Cypress";"Cupressus macrocarpa";"Invasive";;"not listed";"Columnar as young tree, hugely spreading when old; leaves very small and adpressed on dense shoots, fragrant of lemon; cones small, 10-40mm , 7-8 large scales with a curved boss and finely-waved margins, purple brown";"Commonly planted"
318;"Cuscuta campestris ";"CONV";"Golden Dodder";"Cuscuta campestris ";"Invasive";;"not listed";"Parasitic herb; yellow stems without leaves";"Not recorded in 1950"
98;"Cydonia oblonga";"ROSA";"Quince";"Cydonia oblonga";"Invasive";;"not listed";"Deciduous tree; leaf densely white hairy, veins prominent, infolded; fruit pear-shaped, yellow, hairy when young";"From SAPIA 2010"
322;"Cynosurus echinatus ";"POAC";"Bristly Dogstail";"Cynosurus echinatus ";"Invasive";;"not listed";"Leaf blades flat, thin, rounded at base; Panicle spike-like, bristly, dense, one sided";"Rocky, well drained soils and disturbed areas, often in shade; infrequent; abundant at Newlands, occasional from Rondebosch to Newlands"
324;"Cytisus monspessulanus ";"FABA";"French Broom";"Cytisus monspessulanus ";"Invasive";"1a";"listed";"Branches leafy; leaf trifoliate; flowers yellow, terminal; pods with silky hairs";"Woods and shady places; local; Newlands, Orangekloof, Constantia, Tokai; was Genista monspessulana, was Genista candicans"
325;"Dactylis glomerata ";"POAC";"Cocksfoot";"Dactylis glomerata ";"Invasive";;"not listed";"Spikelets compressed, keeled";"Disturbed areas, esp. roadsides and damp sheltered areas; infrequent; Rondebosch to Wynberg and reservoirs on mountains"
326;"Datura ferox";"SOLA";"Large Thorn Apple";"Datura ferox";"Invasive";;"not listed";"Summer annual; leaves unpleasant odour if crushed; fruit a brown capsule, erect,  with 30mm spines, filled with small black seeds";"Not recorded in 1950"
327;"Datura stramonium ";"SOLA";"Common Thorn Apple";"Datura stramonium ";"Invasive";;"not listed";"Summer annual; leaves unpleasant odour if crushed; fruit a brown capsule, erect,  with slender 10mm spines, filled with small black seeds";"Disturbed areas and roadsides; frequent"
328;"Daucus carota ";"APIA";"Carrot";"Daucus carota ";"Invasive";;"not listed";"Biennial; flowers in umbels, petals unequal; lower bracts 3-forked";"Not recorded in 1950"
329;"Dianella  tasmanica ";"HEME";"Tasman Flax Lily";"Dianella  tasmanica ";"Invasive";;"not listed";"Perennial, tufted; rhizome; leaf green, linear, keeled, margin finely toothed, to 1m long; flowerhead a long spray of drooping flower clusters; flowers small, blue, stamens yellow, filaments swollen; berries oval, violet";"Not recorded in 1950"
330;"Digitaria sanguinalis ";"POAC";"Crab Fingergrass";"Digitaria sanguinalis ";"Invasive";;"not listed";"Lower nodes knee-bent; spikelets in pairs - one with stalk";"Disturbed areas, especially sands; locally dominant; Cape Flats"
331;"Diplotaxis muralis ";"BRAS";"Sand Rocket";"Diplotaxis muralis ";"Invasive";;"not listed";"Biennial; stems much branched, leafless, hairy at  base; leaves hairless or almost so; flowers 4-cross, yellow; pods long, longer than stalk";"Roadsides; occasional"
332;"Dittrichia graveolens ";"ASTE";"Cape Khakiweed";"Dittrichia graveolens ";"Invasive";;"not listed";"Perennial; sticky haired; foetid odour; flowerheads small, dull yellow, rayless, bracts purple, in umbel";"Apparently spreading in the 1950s; Maitland to Bishopscourt "
3;"Duranta erecta";"VERB";"Forget-me-not Tree";"Duranta erecta";"Invasive";;"not listed";"Multistemmed shrub or tree, occ. with spines in leaf axils; branch occ. 4-angled;  leaf dark green, ovate to obovate, entire-coarsely toothed; flowers lilac, blue to white, recurved spikes, fragrant; fruit orange-yellow, glossy, 5-10mm diam., beaked";"Naturalized but not spreading much, moist sites; berries poisonous to humans"
4;"Echinopsis spachiana";"CACT";"Torch Cactus";"Echinopsis spachiana";"Invasive";;"not listed";"Tall, columnar cactus, multistemmed, spines numerous in clusters of 8-10, amber, with central spine longest; floral tube with long hairs, petals white";"Not recorded in 1950, mapped by Bromilow; ornamental hedging"
335;"Echium candicans ";"BORA";"Pride of Madeira";"Echium candicans ";"Invasive";;"not listed";"Perennial, branching;  leaf persistent, lanceolate, white hairy, shortening up stem; flowerheads long, dense; flowers blue with white lines (or white), stamens exserted; ";"Not recorded in 1950; flats at Fish Hoek"
336;"Echium plantagineum ";"BORA";"Pattersons Curse";"Echium plantagineum ";"Invasive";;"not listed";"Perennial, rough white hairs with bulbous bases; leaf with prominent side veins, young plants with basal rosette of broad leaves; flowers red-purple aging blue-purple, in laxly branched, one-sided spike;  2 stamens protruding";"Waste areas on the flats; frequent; Rondebosch to Retreat"
337;"Echium vulgare";"BORA";"Blue Echium";"Echium vulgare";"Invasive";;"not listed";"Perennial, rough white hairs with bulbous bases; leaf with without prominent side veins, basal leaves narrow; flowers red-purple aging blue-purple, a dense spike;  4-5 stamens protruding";"Not recorded in 1950"
79;"Egeria densa";"HYDR";"Dense Waterweed";"Egeria densa";"Invasive";;"not listed";"Submerged aquatic; leaf green, finely serrated, 15-30mm long, in whorls of mostly 4-5; flowers 15mm diam., long-stalked, held 20mm above surface";"From SAPIA 2010; slow-flowing waterways"
338;"Eichhornia crassipes ";"PONT";"Water Hyacinth";"Eichhornia crassipes ";"Invasive";;"not listed";"Floating, leaf stalks a bladder, large purple flowers";"Vleis, pools and open rivers on Cape Flats; common to abundant unless controlled"
94;"Erigeron karvinskianus";"ASTE";"Daisy Fleabane";"Erigeron karvinskianus";"Invasive";;"not listed";"Annual to perenniel, erect to sprawling; leaf lanceolate three lobed at base, simple above; hairless to slightly hairy, with a fringe, grey green; heads few, stalks long, involucral bracts linear, hairy, in 2-3 series; rays white or pink";"Common garden plant; recorded on summit on Table Mountain; was Erigeron mucronatus"
346;"Eriobotrya japonica ";"ROSA";"Loquat";"Eriobotrya japonica ";"Invasive";;"not listed";"Leaves stiff, leathery, dark green and glossy above, rusty hairs below; fruit orange-yellow, fleshy with large nuts";"Not recorded in 1950"
348;"Erodium cicutarium ";"GERA";"Common Storksbill";"Erodium cicutarium ";"Invasive";;"not listed";"Annual, with spreading hairs, often strong smelling; leaf with deep, toothed lobes, stipule lanceolate; flowers in umbel heads of 3-8 flowers, petals dropping; fruit long, twisted";"Rare; Camps Bay"
351;"Erucastrum gallicum ";"BRAS";"Hairy Rocket";"Erucastrum gallicum ";"Invasive";;"not listed";"Annual, short, densely hairy; leaf lower stalked, upper not;  flowers 4-cross, pale yellow, sepals erect; pods beaded, less than 40mm long";"Not recorded in 1950"
352;"Eucalyptus botryoides ";"MYRT";"Bangalay Gum";"Eucalyptus botryoides ";"Invasive";;"not listed";"Bark fibrous to flaky, brown; flowers white in groups of 7-11; young plants with rounded bole; disc depressed, valves enclosed or rim-level";"Locally dense, along canal at Tokai, serious invader; Outstanding ability to withstand flooding and waterlogged soils; Not recorded in 1950"
353;"Eucalyptus camaldulensis ";"MYRT";"Red River Gum";"Eucalyptus camaldulensis ";"Invasive";;"not listed";"Bark smooth, mottled, grey; leaves stalked, pendulous; fruit in stalked clusters of 5-10, rim domed, valves deltoid prominent ";"Riverine invader; not recorded in 1950; Diep, Disa, Lourens Rivers"
72;"Eucalyptus cladocalyx";"MYRT";"Sugar Gum";"Eucalyptus cladocalyx";"Invasive";;"not listed";"Smooth bark (except at base), colourful flaky patches of grey, cream, yellow, blue; slender tree; leaf pendulous, sweet tasting; Flowers cream with long anthers; buds ridged with round pointed caps; fruit ovoid, ribbed, valves deeply enclosed";"Copes well with acid sandy soils"
181;"Eucalyptus conferruminata ";"MYRT";"Spider Gum";"Eucalyptus conferruminata ";"Invasive";;"not listed";"Bark rough, greyish, peeling off; leaf with oblique veins; flowers yellowish green, budcaps long, horn-like; fruit in stalkless clusters of 7-15 on stout, strap-like stalks, valves coarse, prominent; (previous E. lehmannii was an incorrect identification)";"Flats and lower slopes; local; planted as hedge or windbreak"
354;"Eucalyptus diversicolor ";"MYRT";"Karri";"Eucalyptus diversicolor ";"Invasive";;"not listed";"Bark smooth, yellowish white with brown blotches; leaf with transverse secondary veins; fruit in stalked clusters 3-6; fruits globose, valves enclosed or slightly protruding";"Not recorded in 1950, planted, coming up in large numbers in stands at Tokai"
74;"Eucalyptus globulus";"MYRT";"Blue Gum";"Eucalyptus globulus";"Invasive";;"not listed";"Bark with brown, sub-fibrous bark below, smooth, blotchy, blue- brown-green above; leaf stalked, pendulous; flower buds with warty, abruptly pointed caps in clusters of 3; fruit stalkless, ribbed, warty, valves strong, deltoid, at rim level";"Not recorded in 1950"
355;"Eucalyptus gomphocephala ";"MYRT";"Australian White-gum";"Eucalyptus gomphocephala ";"Invasive";;"not listed";"Bark grey, fibrous; leaves with oblique lateral veins, stalked, pendulous; fruit in stalkless clusters of 3-7 on broad strap stalk, budcap clublike, bell-shaped, valves level with rim";"Not recorded in 1950; planted, not seriously spreading"
356;"Eucalyptus grandis ";"MYRT";"Saligna Gum";"Eucalyptus grandis ";"Invasive";;"not listed";"Bark peels in long thin strips, smooth grey-green; leaf stalked;  Fruit in stalked clusters of 3-10; pear-shaped 7-10mm, valves protruding, deltoid";"Not recorded in 1950; planted, not seriously spreading"
116;"Eucalyptus regnans";"MYRT";"Mountain Ash Gum";"Eucalyptus regnans";"Invasive";;"not listed";"Very tall tree; bark smooth, grey, rough for lower 10m; leaf falcate, long apex, green/grey-green, stalk reddish; flowers in paired clusters of 9-15, white, opurculum rounded; fruit on pedicels, cup-shaped; disc below rim, valves level or enclosed";"From SAPIA 2010; killed by fire"
1;"Eucalyptus rudis subsp. rudis";"MYRT";"Western Flood Gum";"Eucalyptus rudis subsp. rudis";"Invasive";;"not listed";"Bark rough, fibrous, grey, becoming tessellated; leaves stalked, pendulous intramarginal vein remote; fruit in stalked clusters of 7, 9 or 11, hemispherical, rim level, valves 4-5 exserted; juv stems square";"Not recorded in 1950, serious invader Tokai, wet areas"
119;"Eucalyptus sideroxylon";"MYRT";"Black Ironbark";"Eucalyptus sideroxylon";"Invasive";;"not listed";"Bark black, hard, ridged, deeply furrowed, persisting on young growth; leaf pendulous, dark grey-green, lance-shaped; Flowers ; buds pendulous with conical/beaked lips; fruit round, pendulous, valves deeplyenclosed, with semi-persistent staminal ring";"Common in woodlots"
609;"Euphorbia esula";"EUPH";"Leafy Spurge";"Euphorbia esula";"Invasive";;"not listed";"Annual, erect;  leaves hairless, lanceolate, smooth margin, olive-grey; flowerhead umbel, leafy, bracts yellow/green, glands green";"New record, 2011 but obviously present for quite some time"
357;"Euphorbia helioscopia ";"EUPH";"Umbrella Milkweed";"Euphorbia helioscopia ";"Invasive";;"not listed";"Annual, erect; taproot long; leaves hairless, obovate, toothed; flowerhead umbel, leafy, bracts yellow, glands green ";"Waste areas and cultivated land; common"
358;"Euphorbia peplus ";"EUPH";"Stinging Milkweed";"Euphorbia peplus ";"Invasive";;"not listed";"Annual, erect; taproot long; leaves obovate, entire, hairless; flowerhead branched leafy, flowers green, gland horned";"Plantations, waste places and cultivated land; frequent"
39;"Euphorbia prostrata";"EUPH";"Creeping Sandmat";"Euphorbia prostrata";"Invasive";;"not listed";"Annual, mat forming, stems often purple tinged, hairy; ; stipule interpetiolate; fruit hairy, lobed";"Not recorded in 1950; garden paths and cultivated land; was Chamaesyce"
360;"Euphorbia terracina ";"EUPH";"False Caper";"Euphorbia terracina ";"Invasive";;"not listed";"Annual-biennial, erect, almost hairless, branched mainly below; leaves hairless, 20-40mm long on main stem";"Waste areas on sandy flats and lower slopes; occasional"
361;"Fagopyrum esculentum ";"POLY";"Buckwheat";"Fagopyrum esculentum ";"Invasive";;"not listed";"Annual, hairless, reddening, soft, nodes not swollen; leaf arrow-shaped, stalkless higher on plant; stipule a sheath, hairless; flowers pink or white, in branched clusters on long stalks from leaf base, stamens with yellow glands at base";"Disturbed and cultivate areas; occasional"
362;"Ficus  carica ";"MORA";"Edible Fig";"Ficus  carica ";"Invasive";;"not listed";"Edible fig, stipule deciduous leaving scar";"Very occasional everywhere, especially in forests and fire-protected areas; not recorded in 1950"
363;"Foeniculum vulgare ";"APIA";"Wild Fennel";"Foeniculum vulgare ";"Invasive";;"not listed";"Perennial; leaf feathery, strongly aniseed scent; flowers in umbels, yellow, no  bracts";"Roadsides and waste areas; common"
364;"Fraxinus americana ";"OLEA";"White Ash";"Fraxinus americana ";"Invasive";;"not listed";"Leaf heavy, 7 leaflets on stalks; fruit with single, helicopter wing";"Not recorded in 1950"
365;"Fumaria muralis subsp. muralis";"FUMA";"Fumitory";"Fumaria muralis subsp. muralis";"Invasive";;"not listed";"Annual, sprawling, much branched from base, soft; leaf glaucous; flowers tubular, 2-lipped, spurred, 12 in spike, pink, stalk longer than spike";"Roadsides, open areas and cultivation, common; veld in damp areas, occasional; Two forms occur: sprawling, pale flowers late in season;  more creeping, pinker early in season; was F. officinalis var. grandiflora"
366;"Galinsoga parviflora ";"ASTE";"Gallant Soldier";"Galinsoga parviflora ";"Invasive";;"not listed";"Annual, slender; leaves narrowing up stem, stipule pointed; flowerheads with 2-4 brown-edged bracts, disc yellow, rays white, trifid, narrow";"Roadsides, spreading; occasional; Rondebosch to Claremont"
368;"Gastridium phleoides ";"POAC";"Nit Grass";"Gastridium phleoides ";"Invasive";;"not listed";"Glumes swollen at base around floret; panicle narrow";"Open veld, esp. gravels; occasional; Rondebosch, Kirstenbosch, Wynberg Hill"
369;"Gastrodia sesamoides ";"ORCH";"Potato Orchid";"Gastrodia sesamoides ";"Invasive";;"not listed";"Brown, stiff stems, with a few scales; fleshy rhizomes; orchid flowers bell-shaped, drooping, brownish tipped white";"Under gums; rare at Kirstenbosch"
370;"Geranium dissectum ";"GERA";"Cutleaf Cranesbill";"Geranium dissectum ";"Invasive";;"not listed";"Annual, straggling-erect, hairy, often glandular above; leaf deeply divided into 5-9 narrow lobes; stipule small; flowers purple-pink, in 2s on a short stalk, petals notched; fruit downy";"Roadsides and waste areas in the north; occasional"
371;"Geranium molle ";"GERA";"Cranesbill";"Geranium molle ";"Invasive";;"not listed";"Annual, prostrate; stems with long hairs; leaves rounded, more dissected higher, deeply dissected in 7-11 lobes, stipule small; flowers in 2s, pink-purple, petals well notched, sepals with black tip; fruit hairless, wrinkled";"Roadside and waste areas; frequent"
372;"Geranium purpureum ";"GERA";"Little Robin";"Geranium purpureum ";"Invasive";;"not listed";"Annual, sprawling-erect, strong smelling, reddening, hairy; leaves triangular, divided almost to base into 3-5 lobes, stipule small; flowers in 2s, pink, petals just notched, sepals with soft tip; fruit strongly wrinkled";"Local; Sandvlei"
373;"Geranium rotundifolium ";"GERA";"Roundleaf Geranium";"Geranium rotundifolium ";"Invasive";;"not listed";"Annual, sprawling-erect, stems with dense, long hairs; leaf in whorls of 3-4, rounded, wavy edged, soft hairy, stipule fine; flowers in 2s, pink, petals unnotched; fruit downy, unwrinkled";"Waste areas; local; Newlands"
375;"Gomphrena celosioides ";"AMAA";"Bachelors Buttons";"Gomphrena celosioides ";"Invasive";;"not listed";"Prostrate; covered with white hairs; flowerheads terminal, ovoid; bracts papery, white, longer than flowers; petals woolly, 2 keeled, 2 flat.";"Roadsides and disturbed areas; occasional"
376;"Grevillea banksii";"PROT";"Scarlet Silky Oak";"Grevillea banksii";"Invasive";;"not listed";"Multistemmed shrub; leaves silky-haired below, deeply incised to 5-11 lobes; flowers pink-red, hairy on outside";"Not recorded in 1950; disturbed areas at Tokai"
377;"Grevillea robusta";"PROT";"Silky Oak";"Grevillea robusta";"Invasive";;"not listed";"Large tree; leaves silky haired below; flowerheads  in comb-like sprays; flowers golden orange, nectariferrous; fruit a leathery capsule";"Not recorded in 1950; planted widely, not known to be invasive"
31;"Guilleminea densa";"AMAA";"Small Matweed";"Guilleminea densa";"Invasive";;"not listed";"Annual with perennial rootstock, prostrate, woolly; leaf basal rosette, woolly, white below; flowerheads white, dense, 5mm across ; flower stalkless; utricles within petals";"Dry waste and disturbed places; was Brayulinea densa"
378;"Hainardia cylindrica ";"POAC";"Barbgrass";"Hainardia cylindrica ";"Invasive";;"not listed";"Spikelets embedded in alternate notches on stalk";"Moist places; rare"
379;"Hakea drupacea ";"PROT";"Sweet Needlebush";"Hakea drupacea ";"Invasive";"1a";"listed";"Leaf divided; cone smooth, shiny yellow-brown; older plants resembling stone pine ";"Granites at Llandudno and Simonstown to Smitswinkel Bay, abundant; sandstones from Hout Bay to Simonstown, occasional (1950: Camps Bay, locally abundant)"
380;"Hakea gibbosa ";"PROT";"Rock Needlebush";"Hakea gibbosa ";"Invasive";;"not listed";"Leaf needlelike, to 80mm long, densely hairy when young; cones with 2 sharp apical horns ";"Orangekloof to Red Hill, occasional; Constantia Neck, abundant; (1950: hill slopes, common; Constantia Nek, abundant)"
381;"Hakea salicifolia ";"PROT";"Willow Hakea";"Hakea salicifolia ";"Invasive";;"not listed";"Leaf flat, lanceolate; cone grey with dark warts";"Extensively planted as hedge; naturalized at Tokai; rare; not recorded in 1950"
382;"Hakea sericea ";"PROT";"Silky Needlebush";"Hakea sericea ";"Invasive";;"not listed";"Leaf needlelike, to 40mm long, hairless; cones with 2 small apical horns";"Lions Head to Swarkopberg, occasional; (in 1950: west slopes Table Mountain, abundant)"
384;"Hedera helix ";"ARAL";"Common Ivy";"Hedera helix ";"Invasive";;"not listed";"Woody climber, evergreen, creeping, climbing or tree-like; leaf glossy, ivy-shaped; flowers in umbel, green; berry black";"Disturbed and shady areas, especially on granites; locally abundant; Newlands to Constantia; not recorded in 1950"
385;"Hedychium coccineum ";"ZING";"Red Ginger Lily";"Hedychium coccineum ";"Invasive";;"not listed";"Rhizomatous, bamboo-like; flowers in long spikes, red with long-exerted, pink stamens; floral bracts cylindrical";"Wet areas; Constantia; not recorded in 1950"
386;"Hedychium coronarium ";"ZING";"White Ginger Lily";"Hedychium coronarium ";"Invasive";;"not listed";"Rhizomatous, bamboo-like; flowers in long spikes, white, stamens at petals; floral bracts large, broad, overlapping, sepals longer than petal tube";"Wet areas; Constantia; not recorded in 1950"
80;"Hedychium flavescens";"ZING";"Yellow Ginger Lily";"Hedychium flavescens";"Invasive";;"not listed";"Rhizomatous, bamboo-like; flowers in long spikes, yellow, stamens at petals; floral bracts large, broad, overlapping, sepals as long as petal tube";"From SAPIA 2010; wet areas"
387;"Hedypnois cretica ";"ASTE";"Crete Weed";"Hedypnois cretica ";"Invasive";;"not listed";"Annual; scantily leafy, leaves entire or toothed, narrowed at base; flowerhead on a solitary, widened and hollow stalk; involucral bracts hispid";"Waste areas; occasional; Mowbray to Maitland"
40;"Helichrysum luteoalbum";"ASTE";"Weedy Cudweed";"Helichrysum luteoalbum";"Invasive";;"not listed";"Erect herb to 700m, white/silver woolly, branching from basal rosette; leaf oblanceolate to linear, smaller up stem; daisy flowers in tight heads (4mm long), surrounded by shiny yellow bracts; pappus 8-12 bristles";"Waste places; Bergvliet; might be indigenous - almost cosmipolitan; was Gnaphalium, Pseudognaphalium,  luteo-album"
34;"Heliotropium europaeum";"BORA";"European Heliotrope";"Heliotropium europaeum";"Invasive";;"not listed";"Annual; well rooted; ill-smelling odour; leaf grey-green, hairy, base tapering; flowerhead cyme without bracts, caterpillar-like; flowers in two rows, white with a yellow throat";"Mainly wheatfields, fallow and overgrazed areas; recent invader 1990s"
389;"Holcus lanatus ";"POAC";"Common Velvet Grass";"Holcus lanatus ";"Invasive";;"not listed";"Spikelets sandpapery, awn short, hooked";"Vleis and damp places; common; Rondebosch to Muizenberg; reservoirs on summits"
390;"Homalanthus populifolius ";"EUPH";"Queensland Poplar";"Homalanthus populifolius ";"Invasive";;"not listed";"Tree; leaf with long stalk, aging to orange red";"Forests and plantations where moist; frequent"
183;"Homalocladium platycladum";"POLY";"Ribbon Plant";"Homalocladium platycladum";"Invasive";;"not listed";"Shrub, erect; leaf absent - apparent leaf is flattened green stem, in square segments, true leaf membranous, long, often lobed at base; flowers borne alternately on stem, in stalkless clusters, white aging pink; nuts covered by fleshy red or purple petals";"Not recorded in 1950"
391;"Hordeum murinum subsp. murinum";"POAC";"Wild Barley";"Hordeum murinum subsp. murinum";"Invasive";;"not listed";"Culms slanted; leaf sheaths with conspicuous auricles; spikelets in 3s with rough, long awns";"Disturbed areas esp. roadsides, sands, esp. under wattles; locally common; Cape Flats"
58;"Hordeum vulgare";"POAC";"Barley";"Hordeum vulgare";"Invasive";;"not listed";"Annual, stem erect to 1.2m; leaf few; spikes compressed, dense, in 2 or 6 rows; glumes narrow, 2, short awned; lemma awn long straight or curved";"Introduced from Europe; occ. Stray"
392;"Hypericum canariense ";"CLUS";"Canary Islands St Johns Wort";"Hypericum canariense ";"Invasive";;"not listed";"Perennial, multistemmed; leaf waxy, lanceolate; flowers yellow, many anthers, in branched, leafy heads, capsule dry";"Not recorded in 1950"
394;"Hypericum perforatum ";"CLUS";"St Johns Wort";"Hypericum perforatum ";"Invasive";;"not listed";"Perennial, erect, robust, with creeping rhizomes; stems with 2 raised lines; leaves with translucent dots, spreading; flowers with petals and sepals with black dots, yellow, many anthers, in branched, leafy heads, capsule dry";"Near river; frequent; Fernwood to Kirstenbosch"
395;"Hypochaeris glabra ";"ASTE";"Smooth Cats Ear";"Hypochaeris glabra ";"Invasive";;"not listed";"Annual; hairless; flowerheads solitary on leafless stems with a few scale bracts, flowers slightly longer than involucral bracts";"Waste areas; occasional"
396;"Hypochaeris radicata ";"ASTE";"Hairy Wild Lettuce";"Hypochaeris radicata ";"Invasive";;"not listed";"Perennial, stemless, rhizome fleshy with numerous fibrous roots; leaves roughly hairy; flowerheads solitary on leafless stems with a few scale bracts; flowers much longer than involucral bracts";"Waste areas, paths and disturbed areas; common"
30;"Hypoestes phyllostachya";"ACAN";"Polkadot Plant";"Hypoestes phyllostachya";"Invasive";;"not listed";"Annual, leaves green with pink spots; flowersheads terminal, spike-like racemes; flowers small, tubular, pink-blue";"Moist and shady areas in ditches, road verges and waste areas"
397;"Impatiens sodenii ";"BALS";"Poor-mans Touch Me Not";"Impatiens sodenii ";"Invasive";;"not listed";"Stems thick and succulent; sparsely branched; leaf bright green, whorled at stem tips, hairless; flowers pale pink, single, among leaves, lower petal with a long narrow spur; fruit explode readily when ripe";"Not recorded in 1950"
400;"Ipomoea indica ";"CONV";"Morning Glory";"Ipomoea indica ";"Invasive";;"not listed";"Perennial, purple flowers, sepals long tapering";"Not recorded in 1950"
611;"Ipomoea lacunosa";"CONV";"Small White Morning Glory";"Ipomoea lacunosa";"Invasive";;"not listed";"Annual, twining vine; stems with sparse white hairs; leaves alternate, 3 lobes, occ. also smaller ovate; margins smooth; floweres white, funnel-shaped; seed capsules round, surrounded by bracts.";"Constantia  - Alphen trail;"
401;"Ipomoea purpurea";"CONV";"Purple Morning Glory";"Ipomoea purpurea";"Invasive";;"not listed";"Annual; leaf heart-shaped, stalk long; purple flowers with 5 pleats, sepals short pointed";"Not recorded in 1950"
402;"Jacaranda mimosifolia ";"BIGN";"Jacaranda";"Jacaranda mimosifolia ";"Invasive";;"not listed";"Leaf finely divided; flowers mauvish blue, tubular; capsules woody, oval, flat";"Not recorded in 1950"
613;"Jasminum polyanthum";"OLEA";"Climbing Jasmine";"Jasminum polyanthum";"Invasive";;"not listed";"Vigorous climber; leaves compound-pinnate; flowers star-like, white, fragrant, 5-7 ovate.";"Constantia  - Alphen trail"
403;"Juncus capitatus ";"JUNC";"Leafybract Dwarfrush";"Juncus capitatus ";"Invasive";;"not listed";"Annual herb; tufted, erect; stems flat or corrugated; each stems bears up to 6 clustered flowers, with leafy pointed bracts";"Not recorded in 1950; moist areas, wet sands, vernal pools and ditches"
404;"Juncus imbricatus ";"JUNC";"Tlled Dwarfrush";"Juncus imbricatus ";"Invasive";;"not listed";"Leaves slender, ribbed; flowers in pseudolateral spikes, green";"Seasonally damp areas; occasional from Rosebank to Wynberg"
406;"Kickxia spuria ";"SCRO";"Roundleaf Fluellen";"Kickxia spuria ";"Invasive";;"not listed";"Annual, prostrate; sticky haired; leaf oval, pointed, just stalked; flowers maroon with yellow lip, solitary on long, hairy stalk, spur slender, curved";"Near cultivation; occasional; Signal Hill to Plumstead"
407;"Lactuca serriola ";"ASTE";"Wild Lettuce";"Lactuca serriola ";"Invasive";;"not listed";"Perennial up to 2m tall; leaves lobed, sometimes simple and oblong; weakly spined on margins, prickly on lower midrib; flowerheads numerous";"Not recorded in 1950"
408;"Lagurus ovatus ";"POAC";"Bunny-tail Grass";"Lagurus ovatus ";"Invasive";;"not listed";"Soft; leaf blade velvety; culms very thin; ligule fluffy white membrane; panicle soft, attractive, dense, with scattered soft hairs";"Sandy soil, disturbed areas, esp. shade; locally common, abundant in parks"
409;"Lamarckia aurea ";"POAC";"Goldentop Grass";"Lamarckia aurea ";"Invasive";;"not listed";"Untidy; spikelets of two kinds in bunches of 4-5";"Usually road verges on gravels; locally common; local at Simonstown"
410;"Lamium amplexicaule";"LAMI";"Henbit Deadnettle";"Lamium amplexicaule";"Invasive";;"not listed";"Annual, low, downy, sparsely branched; leaf rounded, bluntly toothed, uppermost stalkless with base almost clasping stem; flowers purple-pink, in whorls at base of upper leaves";"Claremont and Kirstenbosch"
411;"Lantana camara ";"VERB";"Cherrypie";"Lantana camara ";"Invasive";;"not listed";"Stem 4-angled; leaf strong-smelling if crushed, flowers in many coloured heads; fruit in purple black clusters";"Garden escape; occasional"
413;"Lathyrus angulatus ";"FABA";"Angled Pea";"Lathyrus angulatus ";"Invasive";;"not listed";"Annual, slender, hairless; stems winged; leaf 1 pair leaflets, ending in branched tendril, stalk channelled; flower solitary, blueish green, peduncle extended to a slender awn above the flower; pod swollen";"Kirstenbosch; rare"
414;"Lathyrus cicera ";"FABA";"Red Pea";"Lathyrus cicera ";"Invasive";;"not listed";"Annual, hairless; stems winged; leaf 1 pair leaflets, ending in branched tendril, stalk narrow winged; stipule toothed; flowers solitary, axillary, petals with standard salmon  and keel white with a purple tip; pod flat";"Grassy places; rare; Kenilworth and Keurboom Park"
415;"Lathyrus latifolius ";"FABA";"Broadleaf Everlasting Pea";"Lathyrus latifolius ";"Invasive";;"not listed";"Perennial, climbing; stems winged; leaflets 1 pair leaflets, large, ending in a branched tendril, stipule toothed; flowers 5-15, bright magenta; pods brown";"Waste areas"
51;"Lavatera assurgentiflora";"MALV";"Mission Mallow";"Lavatera assurgentiflora";"Invasive";;"not listed";"Sprawling perennial herb, to 4m tall; leaf 150mm across, 5-7 toothed lobes; sepals elongated; petals dark veined, rectangular; fruit disc-shaped";"Disturbed areas"
52;"Lavatera trimestris";"MALV";"Annual Tree Mallow";"Lavatera trimestris";"Invasive";;"not listed";"Annual, tall, erect, to 1.5m; stems bristly haired, tingued red with age; leaf lower heart-shaped, upper lobed; flowers trumpet-shaped, single;";"Disturbed areas"
418;"Lens culinaris ";"FABA";"Lentil ";"Lens culinaris ";"Invasive";;"not listed";"Annual, climbing or trailing; leaf ending in tendrils, downy, stipules with a dark spot; flowers 1-3 yellow-white, stalkless; pods downy";"Not recorded in 1950"
419;"Lepidium virginicum ";"BRAS";"Poor-mans Pepperwort";"Lepidium virginicum ";"Invasive";;"not listed";"Annual, erect, hairs pointing downward (A&S: hairless), leaf lanceolate, toothed, not clasping stem; flowers 4-cross, white, pods round, notched, shorter than stalks";"Roadsides and waste areas; occasional; Sea Point and Claremont "
420;"Leptospermum laevigatum ";"MYRT";"Australian Myrtle";"Leptospermum laevigatum ";"invasive";;"not listed";"Densely branching shrub; leaf 15-30mm long, tips rounded with minute point; flower solitary, stalkless; capsules opening by 6-11 valves at top";"Flats and lower slopes; locally abundant; planted as hedge; coppices if not cut low enough"
422;"Leucojum aestivum";"AMAR";"Summer Snowflake";"Leucojum aestivum";"Invasive";;"not listed";"Bulbs, with straplike, narrow, dark leaves; flowers in umbel of 3-7 with unequal stalks, bell-shaped, pendulous, slight frangrance, petals white with green dots on tip; fruit fleshy, inflated";"Locally common; Bishops Court; Not recorded in 1950; subspecies unknown"
425;"Ligustrum japonicum ";"OLEA";"Japanese Privet";"Ligustrum japonicum ";"Invasive";;"not listed";"Leaves thick, leathery, evergreen, 40-150mm long, tip pointed; flowers in large 100-200mm long, terminal panicles, heavily scented, anthers yellow; berries black";"Spreading occasionally; hedge plant"
426;"Ligustrum sinense ";"OLEA";"Chinese Privet";"Ligustrum sinense ";"Invasive";;"not listed";"Leaves thick, leathery, 25-80mm long, lower midrib hairy, tip rounded, deciduous; flowers in 50-100mm long, terminal panicles, heavily scented, anthers black; berries black";"Under trees; rare; Bishopscourt"
622;"Ligustrum vulgare";"OLEA";"Common Privet";"Ligustrum vulgare";"Invasive";;"not listed";"Shrub; stems, erect; bark grey-brown; leaves ovate to lanceolata; flowers in panicles, cream to white, sweet scented; berries small, round black.";"Tokai"
29;"Linum usitatissimum";"LINA";"Linseed";"Linum usitatissimum";"Invasive";;"not listed";"Annual; 1.2m, slender; leaf slender, lanceolate, 20-40mm long, glaucous, stipule glands; flowers pale blue or red, papery; fruit round dry capsule";"Bergvliet in 1917 (Purcell); old cultivated and disturbed areas"
428;"Lobularia maritima ";"BRAS";"Sweet Alyssum";"Lobularia maritima ";"Invasive";;"not listed";"Annual; leaf narrow, untoothed; flowers 4-cross, white, fragrant, petals unnotched, lateral sepals pouched";"Roadsides and disturbed areas; frequent"
429;"Lolium multiflorum ";"POAC";"Italian Ryegrass";"Lolium multiflorum ";"Invasive";;"not listed";"Dense; leaf dark green, hairless, shiny, rolled when young; spike flattened with spikelets ranked alternately on each side, awns 10-15mm long; sterile leafy shoots absent";"Disturbed areas esp. roadsides;  common, occasional in natural veld"
18;"Lolium perenne";"POAC";"Perennial Ryegrass";"Lolium perenne";"Invasive";;"not listed";"Dense; leaf dark green, hairless, shiny, flat or folded when young; spike flattened with spikelets ranked alternately on each side, awnless; sterile leafy shoots present";"Not recorded in 1950"
430;"Lolium rigidum ";"POAC";"Stiff Darnel";"Lolium rigidum ";"Invasive";;"not listed";"Dense; leaf dark green, hairless, shiny; spike flattened with spikelets ranked alternately on each side, spikelets 1-3 mm wide partly hidden in vavities on the rachis";"Disturbed areas where moist; locally common; was L. loliaceum"
431;"Lolium temulentum ";"POAC";"Darnel Ryegrass";"Lolium temulentum ";"Invasive";;"not listed";"Dense; leaf dark green, hairless, shiny; spike flattened with spikelets ranked alternately on each side, lemmas elliptical, turgid towards base at maturity";"Disturbed areas, locally common"
432;"Lotus angustissimus ";"FABA";"Slender Birdsfoot Trefoil";"Lotus angustissimus ";"Invasive";;"not listed";"Annual, prostrate, sparsely hairy;  leaflets 5, 2 bent back so appears trifoliate, stipule small; flowers 1-2 per head, on stalks shorter than leaf,  yellow; pod 15-30mm long ";"Roadsides and waste areas; occasional"
433;"Lotus subbiflorus ";"FABA";"Lotus";"Lotus subbiflorus ";"Invasive";;"not listed";"Annual, prostrate, hairy;  leaflets 5, 2 bent back so appears trifoliate, stipule small; flowers 2-4 per head, on stalks longer than leaf, orange yellow; pod 6-12mm short ";"Not recorded in 1950"
434;"Lotus uliginosus ";"FABA";"Greater Birdsfoot Trefoil";"Lotus uliginosus ";"Invasive";;"not listed";"Perennial, erect; leaflets 5, 2 bent back so appears trifoliate, stipule small; flowers 5-10 per head, in an umbel, sepal teeth spreading; pods straight, bird-foot-like in head";"Marshy areas; local; Newlands"
436;"Lupinus angustifolius";"FABA";"Annual Lupin";"Lupinus angustifolius";"Invasive";;"not listed";"Annual, slender, hairy; flowers blue, alternating";"Fields and roadsides; frequent"
437;"Lupinus luteus";"FABA";"Sweet Lupin";"Lupinus luteus";"Invasive";;"not listed";"Annual, hairy, flowers whorled, yellow";"Fields and roadsides; occasional"
435;"Lupinus micranthus";"FABA";"Field Lupin";"Lupinus micranthus";"Invasive";;"not listed";"Perennial, with brown hairs; leaf palmate, stipule small; flowers in stalked spikes, purple";"Not recorded in 1950"
438;"Lythrum hyssopifolia ";"LYTH";"Loosestrife";"Lythrum hyssopifolia ";"Invasive";;"not listed";"Annual, hairless; stems slightly 4-angled; flowers tiny, unstalked, axillary, solitary, pink, tube prominently ridged, stamens (4 or 6) as many as petals;";"Damp areas on flats and lower slopes, common; in cultivation, frequent"
439;"Lythrum salicaria ";"LYTH";"Purple Loosestrife";"Lythrum salicaria ";"Invasive";"1a";"listed";"Perennial, rootstock, square stem, hairy; leaf lanceolate, unstalked, downy; flowers in showy, whorled spikes, rose-purple, 6 petals, petal tube with prominent ribs, 12 stamens, trimorphic ";"In wet areas; only recorded at Liesbeeck River"
440;"Malcolmia maritima ";"BRAS";"Virginia Stock";"Malcolmia maritima ";"Invasive";;"not listed";"Annuals, hairs adpressed; flowerheads short; flowers white, pink, violet; fruit with a short, flattened stylar beak";"Roadsides and disturbed areas; occasional"
416;"Malva dendromorpha";"MALV";"Tree Mallow";"Malva dendromorpha";"Invasive";;"not listed";"Biennial with woody stems, velvety; stipule narrow; flowers bright pink/lilac, in clusters of 2-7, bracts longer than sepals; fruit segments wrinkled";"Rocks by sea at Sea Point and Kalk Bay, frequent; disturbed areas inland, occasional; was Lavatera arborea"
417;"Malva linnaei";"MALV";"Cretan Mallow";"Malva linnaei";"Invasive";;"not listed";"Biennial with herbaceous stems; leaves roughly velvety, stipule narrow; flowers pale pink/lilac, in clusters of 2-7, bracts shorter than sepals, anthers in terminal bundle; fruit a disc, segments rounded, smooth";"Roadsides and waste areas; occasional to locally abundant; was Lavatera cretica"
552;"Malva nicaeensis ";"MALV";"French Mallow";"Malva nicaeensis ";"Invasive";;"not listed";"Annual, erect, aging hairless; leaf stalks hairy; flowers in axillary groups, sepals hairy, epicalyx as broad as sepals, petals 3 times longer sepals, white below, pink above, anthers in terminal bundle;  fruit hairless, wrinkled on back, edges not raised";"Roadsides and disturbed areas; rather local"
553;"Malva parviflora ";"MALV";"Small Mallow";"Malva parviflora ";"Invasive";;"not listed";"Perennial, sprawling, hairy, grooved;  leaf often hairless, stipule sheath awl-like; flowers 2-4, pale lilac; epicalyx narrower than sepals, petals just longer sepals, elongate in fruit, anthers in terminal bundle; fruit with ridges on back & raised edges";"Roadsides and disturbed areas; rather common"
617;"Malva sylvestris";"MALV";"Common Mallow";"Malva sylvestris";"Invasive";;"not listed";"Shrub; stem and leaves covered in fine white hairs; leaves broad, roundish-lobed; flowers bright purple with dark veins.";"Tafelberg Road"
441;"Malva verticillata var. verticillata";"MALV";"Chinese Mallow";"Malva verticillata var. verticillata";"Invasive";;"not listed";"Biennial, prostrate; stems smooth; flowers in dense whorls, pale lilac, petals twice as long as sepals, sepals twice as long as epicalyx, calyx enlarging in fruit, anthers in terminal bundle; fruit deeply wrinkled but edges not raised";"Roadsides and waste areas; frequent; often attacked by rust."
442;"Marrubium vulgare ";"LAMI";"Common Hoarhound";"Marrubium vulgare ";"Invasive";;"not listed";"Perennial, spreading, covered with white down, thyme-scented; leaf stalked, wrinkled, downy; flowers dirty white, hairy, in dense, leafy whorls, sepals with 10 hooked teeth ";"Kloof Neck, Tamboerskloof; locally common"
443;"Medicago laciniata ";"FABA";"Bur Clover";"Medicago laciniata ";"Invasive";;"not listed";"Annual, prostrate, hairy to hairless; leaves small; flowers yellow, in 1-2; fruit burr, spiralled, soft spines, slightly hairy, veins inconspicuous";"Wet areas; occasional; Glencairn, Clovelly, Paarden Island, Hout Bay"
444;"Medicago minima ";"FABA";"Little Burr Medic";"Medicago minima ";"Invasive";;"not listed";"Annual, creeping, very small; taproot long; leaves downy, unspotted, downy, stipules untoothed, pointed; flowers 1-4 per head, yellow; fruit burr, spiral, strongly netted, 2 rows of hooked spines";"Not recorded in 1950"
445;"Medicago polymorpha ";"FABA";"Rough Medic";"Medicago polymorpha ";"Invasive";;"not listed";"Annual, variable in size and habit, creeping; taproot long; leaves hairy, unspotted; stems 4-angled; stipules deeply toothed; flowers 1-4 per head, yellow; fruit burr, spiral, strongly netted, short, hairless, prickles small";"Roadsides and waste areas; abundant; "
446;"Medicago sativa ";"FABA";"Alfalfa";"Medicago sativa ";"Invasive";;"not listed";"Perennial, erect, hairless, deep rootstock; stipule toothless; flowers in short spikes, yellow / purple / black; pods often curved or spiral";"Escape from cultivation; occasional"
49;"Melaleuca ericifolia";"MYRT";"Swamp Paperbark";"Melaleuca ericifolia";"invasive";;"not listed";"Tree to 9m tall, bark pale papery; leaf linear, 7-15mm long, 1mm wide, dark green, occ. 3-fid; heads dense spkes; flowers white, fragrant, stamens 7-13 per bundle; capsules 3mm wide, sepals obscure";"Not recorded on Peninsula"
113;"Melaleuca hypericifolia";"MYRT";"Hillock Paperbark";"Melaleuca hypericifolia";"invasive";"1a";"listed";"Shrub to 6m, often weeping; bark corky-papery; leaf lanceolate ot oblong-elliptic, 10-40X4-10mm; flowerheads dense spikes on old wood, red, solitary per bract, stamens 16-20 per bundle";"From SAPIA 2010; wet areas"
114;"Melaleuca nesophila";"MYRT";"Pink Melaleuca";"Melaleuca nesophila";"invasive";;"not listed";"Rounded shrubs to 5m; bark papery; leaf elliptical, 20mm long, grey, wrinkled; flowerheads pink, globular, at branch tips, stamens with 10-15 tips; fruit globular, pods prominent";"From SAPIA 2010; promoted for hedges"
447;"Melaleuca quinquenervia";"MYRT";"Broadleaf Paperbark";"Melaleuca quinquenervia";"Invasive";;"not listed";"Tall tree; bark white papery, layered; leaf 20X70mm, with 5 veins; flowerheads short, cream, 50mm long; fruit in woody capsules";"From SAPIA 2010; Tokai; a major problem in wetlands (e.g. Everglades); coppicer"
620;"Melaleuca styphelioides";"MYRT";"Prickly Paperbark";"Melaleuca styphelioides";"Invasive";;"not listed";"Tree; bark, spongy, white to light brown, peeling in large strips; leaves sessile, sharp-tipped, linear; flowers white or cream, brush-like; seed capsules on branches, grey-brown woody.";"Tokai"
448;"Melia azedarach ";"MELI";"Syringa";"Melia azedarach ";"Invasive";;"not listed";"Leaf odd pinnate, clustered at ends of branches, leaflets serrated, 3 paired, unpleasant scent if crushed; flowers pale lilac, staminal tube dark purple; berries in clusters turning yellow, with a single ridged stone";"Not recorded in 1950"
449;"Melilotus albus";"FABA";"White Sweet Clover";"Melilotus albus";"Invasive";;"not listed";"Biennial, tall; stipule small; leaf with narrow leaflets; flowers in loose, long stalked spikes, white, wings as long as keel; pods hairless, net veined, brown when ripe";"Kloof Neck, Kirstenbosch; was Trifolium alba & M. alba"
450;"Melilotus indicus";"FABA";"Annual Yellow Sweet Clover";"Melilotus indicus";"Invasive";;"not listed";"Biennial, short, hairless; stipule small; flowers in stalked spikes, yellow, wings and keel shorter than standard; pods hairless,  net veined, olive green when ripe";"Roadside and waste places; common; was M. indica"
47;"Melilotus officinalis";"FABA";"Yellow Sweet  Clover";"Melilotus officinalis";"Invasive";;"not listed";"Biennial, tall; stipule small; leaf with narrow leaflets; flowers in stalked spikes, white, standard longer than keel; pods hairless, net veined, brown when ripe";"Disturbed areas and roadsides"
451;"Mercurialis annua ";"EUPH";"Annual Mercury";"Mercurialis annua ";"Invasive";;"not listed";"Annual; Stem ribbed and furrowed, downy, almost hairless; stipule a ring; flowerheads green, stalked tassels (scarcely stalked in female), green  ";"Gardens and waste areas; common"
452;"Metrosideros excelsa ";"MYRT";"New Zealand Christmas Tree";"Metrosideros excelsa ";"Invasive";;"not listed";"Leaves thick, leathery, glossy dark green above, grey-felt below, margins curled over; flowers crimson in terminal brushes";"Not recorded in 1950"
107;"Microsorum scandens";"PPOD";"Fragrant Fern";"Microsorum scandens";"Invasive";;"not listed";"Creeping, forming mats; rhizome long-creeping, tough, wiry; leaf 200-500mm long, simple or pinnatifid - usually together, membranous, dark green, musky smell; sori circular, sunken into leaf";"Not recorded in 1950; From SAPIA 2010; on boulders and trunks; previously in Polypodium and Phymatosorus"
616;"Misopates orontium";"SCRO";"Weasel Snout";"Misopates orontium";"Invasive";;"not listed";"Annual herb; leaves linear; flowers pink, a minute snapdragon, fruit green, snoutlike.";"Tafelberg Road"
453;"Modiola caroliniana ";"MALV";"Red Flower Mallow";"Modiola caroliniana ";"Invasive";;"not listed";"Annual, prostrate, rooting at nodes; leaf rounded below, 3-5 lobed above; flowers stalked, epicalyx shorter than sepals, petals brick red or rose; fruit wheel-like, segments 2 horned, with a band of hairs on back";"Open ground; occasional; Mowbray, Claremont, Plumstead"
454;"Moenchia erecta ";"CARY";"Upright Chickweed";"Moenchia erecta ";"Invasive";;"not listed";"Annual, low, grey; leaves glaucous; flowers white, erect, solitary, 4 styles, sepals with wide white margins, petals unnotched, thin, fruit ovoid";"Ironstone flats; rare; Pinelands"
73;"Myoporum insulare";"MYOP";"Fleshy Manatoka";"Myoporum insulare";"Invasive";;"not listed";"Leaf thick, fleshy, firm, not tapering; fruit, fleshy, purple";"Not recorded in 1950; was M. serratum"
455;"Myoporum montanum";"MYOP";"Manatoka";"Myoporum montanum";"Invasive";;"not listed";"Leaf thin, fleshy, firm, tapering; fruit, fleshy, purple, wrinkled; bark course";"Escape near the sea; occasional; was Myoporum tenuifolium subsp. montanum"
456;"Myosotis arvensis ";"BORA";"Field Forgetmenot";"Myosotis arvensis ";"Invasive";;"not listed";"Biennial; leaf in basal rosette and up stem; flower cup-shaped, dull blue, sepal tube with hooked hairs, petal lobes cupped";"Cultivated areas; occasional; Rondebosch to Claremont"
92;"Myosotis discolor";"BORA";"Changing Forgetmenot";"Myosotis discolor";"Invasive";;"not listed";"Biennial; leaf in basal rosette and up stem; flower spikes coiled, flower cup-shaped, yellow turning blue, stalk short, sepal teeth upright;";"Not recorded in 1950; In 2005 at Sandvlei"
457;"Myriophyllum aquaticum ";"HALO";"Parrots Feather";"Myriophyllum aquaticum ";"Invasive";;"not listed";"Rooted, stems floating and emerging, divided leaves in whorls";"Rivers and canals; locally abundant"
458;"Myrtus communis";"MYRT";"Myrtle";"Myrtus communis";"Invasive";;"not listed";"Erect, aromatic, twigs bright brown; leaf polished; flower white, axillary, solitary, stalk as long as leaves; fruit ovoid, dark blue";"Lower slopes of Devils Peak, Table Mountain and Rondebosch"
459;"Nassella trichotoma ";"POAC";"Nassella Tussock";"Nassella trichotoma ";"Invasive";;"not listed";"Mature tussocks droop and sprawl; panicles well clear of leaves, deciduous";"Disturbed areas, locally dominant; Devils Peak"
460;"Nephrolepis exaltata ";"NEPH";"Sword Fern";"Nephrolepis exaltata ";"Invasive";;"not listed";"Stiff, evergreen; stolons and tubers; leaf odd pinnate; midrib hairy, leaflets simple overlapping, bases ear-shaped";"Forest margins and wet areas; rare, locally dominant"
461;"Nerium oleander ";"APOC";"Oleander";"Nerium oleander ";"Invasive";;"not listed";"Leaf erect, prominent midrib and parallel cross veins; fruit follicles finger-like";"Not recorded in 1950"
462;"Neslia paniculata ";"BRAS";"Ball Mustart";"Neslia paniculata ";"Invasive";;"not listed";"Annual, erect; leaf lower stalked, upper clasping stem, (A&S say hairy); flowers 4-cross, yellow; pod rounded, wrinkled";"Disturbed areas, rare; Edinburgh Estate, Claremont, reservoirs on Table"
463;"Nicandra physalodes ";"SOLA";"Apple of Peru";"Nicandra physalodes ";"Invasive";;"not listed";"Annual, erect; leaf with spines; flower solitary, blue, pendulous, sepals almost free; fruit enclosed in papery lantern";"Shaded cultivated or waste land in suburbs; occasional and local"
464;"Nicotiana glauca ";"SOLA";"Wild Tobacco";"Nicotiana glauca ";"Invasive";;"not listed";"Slender tree; leaves leathery, asymmetric, hairless, petioles long; flowerheads terminal; flowers yellow, tubular, in drooping clusters";"Roadsides and disturbed areas, natural vegetation along streams; occasional"
90;"Nierembergia linariifolia var. glabriuscula";"SOLA";"Cupflower";"Nierembergia linariifolia var. glabriuscula";"Invasive";;"not listed";"Solanaceae flower with pleats resembling Convolvulus purple with a white centre, oil producing glands on petal bases";"From SAPIA 2010"
465;"Nothoscordum gracile ";"ALLI";"Onion Weed";"Nothoscordum gracile ";"Invasive";;"not listed";"Faint Garlic odour, many small bulbils, stretchy leaves";"Disturbed areas, locally infrequent"
23;"Oenothera affinis";"ONAG";"Longflower Evening Primrose";"Oenothera affinis";"Invasive";;"not listed";"Annual, erect, no rosette;  variable branching; hairy leaf 5-15mm long, rounded at base, narrow lanceolate above, no stalk;  flowerhead branched, petals green-yellow flushed red, 20-35mm long, round;";"From Bergvliet (Purcell 1917);"
554;"Oenothera biennis ";"ONAG";"Common Evening Primrose";"Oenothera biennis ";"Invasive";;"not listed";"Biennial, red-based hairs absent from stem; leaf lanceolate, basal rosette in first year; flowerhead near stem tip; flowers yellow not aging, 4 petals, 20-30mm, style short with 4 branches forming X; fruit elongated capsule; seed without appendages";"Moist or sheltered disturbed areas; frequent"
24;"Oenothera glazioviana";"ONAG";"Redsepal Evening Primrose";"Oenothera glazioviana";"Invasive";;"not listed";"Biennial, with rosette, 1.5m; branching at base; leaf alternate, crinkled  150 mm long, glandular hairy,  lanceolate at base, shorter + narrower above; flowerhead unbranched, tube 35-50mm long, sepals densely hairy, yellow-green flushed red; petals yellow";"Bergvliet in Purcell (1917); a hybrid, now a worldwide weed; was O. erythrosepala"
25;"Oenothera indecora subsp. indecora";"ONAG";"Evening Primrose";"Oenothera indecora subsp. indecora";"Invasive";;"not listed";"Erect annual branched to unbranched; hairy; rosette, leaf 4-8mm long, oblanceolate,  narrower above; flowerhead branched; sepal green, flecked brown; petals yellow elliptic; style short";"Self-fertilizes in bud; was O. indecora subsp. bonariensis"
466;"Oenothera jamesii";"ONAG";"Trumpet Evening Primrose";"Oenothera jamesii";"Invasive";;"not listed";"Biennial, usually unbranched, long taproot; leaf basal rosette when young and narrower on stem; petals  yellow, style with 4 branches forming a X; fruit lancelike";"Cape Flats reserves; not recorded in 1950"
467;"Oenothera longiflora";"ONAG";"Lemon Sunset Primrose";"Oenothera longiflora";"Invasive";;"not listed";"Biennial, robust, hairy; leaf dull green, hairy - esp. lower leaves, basal rosette and stem leaves similar; flowerhead branched; flowers yellow fading to red, petals half as long as tube, style with 4 branches forming a X; fruit angled";"Roadsides and disturbed areas; local; Mowbray, Claremont, Fish Hoek"
468;"Oenothera nocturna ";"ONAG";"Night Evening Primrose";"Oenothera nocturna ";"Invasive";;"not listed";"Annual, erect, well-branched at base; leaf weak rosette at base, spiralling up stem, lowermost broader, uppermost roughly hairy; flowerhead branched; flower, style with 4 branches forming a X; fruit not angled";"Disturbed areas, into natural vegetation; frequent or locally abundant"
469;"Oenothera odorata ";"ONAG";"Smelly Evening Primrose";"Oenothera odorata ";"Invasive";;"not listed";"Annual; erect, unbranched, hairy; leaf basal rosette and spiralling up stem; flowers yellow aging to red, opening in afternoon, style with 4 branches forming a X";"Not recorded in 1950"
26;"Oenothera parviflora";"ONAG";"Northern Evening Primrose";"Oenothera parviflora";"Invasive";;"not listed";"Bienniel, erect; rosette; leaf glandular hairy, basal 100-300mm long, 40-180mm above; flowerhead unbranched; tube 22-40 mm long; sepals green; petals yellow;";"Purcell in Bergvliet (1917); widely naturalized"
470;"Oenothera rosea ";"ONAG";"Pink Evening Primrose";"Oenothera rosea ";"Invasive";;"not listed";"Perennial, ascending, white hairy when young; leaves in basal rosette and on stem; flowers opening about sunrise, pink to red aging darker, small, stalked, style with 4 branches forming a X; fruit narrowed at both ends";"Under bushes on lower slopes, local; Cape Flats, rare; Devils Peak to Wynberg and elsewhere"
555;"Oenothera stricta subsp. stricta";"ONAG";"Fragrant Evening Primrose";"Oenothera stricta subsp. stricta";"Invasive";;"not listed";"Biennial; branched; leaf basal rosette & spiralling - similar, almost hairless; flowerhead simple/branched; buds oft. red, petals yellow fading copper, oft. basal red spot, opens sunset, fragrant, petals as long tube; style X, fruit cylindrical, angled";"Roadsides and disturbed areas on Cape Flats; frequent to locally abundant; was Oenothera striata"
122;"Opuntia ficus-indica ";"CACT";"Sweet Prickly Pear";"Opuntia ficus-indica ";"Invasive";;"not listed";"Cactus with ladodes flattened - may be spined or spineless, fruit yellow turning red";"Not recorded in 1950"
5;"Opuntia imbricata";"CACT";"Tile Prickly Pear";"Opuntia imbricata";"Invasive";;"not listed";"Spiny cactus, much branched, erect at first, hanging downwards; cladodes dull grey-green, cylindrical with raised ridges resembling woven rope; spines few; flowers purple red";"Not recorded in 1950, mapped by Bromilow"
123;"Opuntia monacantha ";"CACT";"Drooping Prickly Pear";"Opuntia monacantha ";"Invasive";;"not listed";"Cactus trunked with age, cladodes flattened and thin, fruit purple-red";"Not recorded in 1950"
471;"Ornithopus compressus ";"FABA";"Flat Birdsfoot";"Ornithopus compressus ";"Invasive";;"not listed";"Annual, small, softly hairy; leaf with tendrils; stipule small; flower yellow, almost stalkless in umbels of 3-5; pod hairy, curved, wrinkled, with long, hooked beak";"Claremont; local"
472;"Orobanche minor ";"OROB";"Lesser Broomrape";"Orobanche minor ";"Invasive";;"not listed";"Leafless parasite on peas and daisies; flowerheads spikes, persist when dried, flowers 2-lipped, brown-mauve or yellow, subtended by 1 bract and no bracteoles";"Locally frequent; Rondebosch"
473;"Orobanche ramosa ";"OROB";"Blue Broomrape";"Orobanche ramosa ";"Invasive";;"not listed";"Leafless parasite on daisies; often branched; flowerheads spikes, persist when dried, flowers 2-lipped, blue-mauve, subtended by 1 bract and 2 bracteoles";"Sandy places; frequent"
474;"Oxalis corniculata ";"OXAL";"Creeping Sorrel";"Oxalis corniculata ";"Invasive";;"not listed";"No bulbs, spreading by stolons; stems branched, creeping, hairy; leaf stalk winged basally, stipule small; flowers yellow, small;  fruit all alike";"Roadsides and disturbed places; locally rare, common in gardens; was O. repens"
475;"Oxalis latifolia ";"OXAL";"Red Garden Sorrel";"Oxalis latifolia ";"Invasive";;"not listed";"Small bulbs; leaf broadly triangular trifoliate; flowers purple with yellow centres, in umbel";"Occasional, mainly a garden weed"
476;"Papaver rhoeas";"PAPA";"Field Poppy";"Papaver rhoeas";"Invasive";;"not listed";"Annual, erect; leaf lobed, crenulate; capsule obovoid, base rounded, hairless, tip flat with 8-12 rays";"Disturbed areas and roadsides; Wynberg to Tokai"
477;"Paraserianthes lophantha subsp. lophantha";"FABA";"Stinkbean";"Paraserianthes lophantha subsp. lophantha";"Invasive";;"not listed";"Leaflets smallish, glands absent from rachis, cf Acacia mearnsii; Flowerheads cylindrical brushes, green-yellow; stamens united into a basal tube; pod flattened";"Frequent; mainly forests and granites"
478;"Paronychia brasiliana ";"CARY";"Brazilian Paronychia";"Paronychia brasiliana ";"Invasive";;"not listed";"Annual, prostrate, wiry stems; stipules white, membranous; flowers in axillary clusters, sepals with bristles at tip; fruit not splitting";"Disturbed grassland or waste areas; local; Kenilworth, Claremont and Sea Point"
621;"Parthenocissus vitacea";"VITA";"False Virginia Creeper";"Parthenocissus vitacea";"Invasive";;"not listed";"Woody vine with tendrils with adhesive tips; leaves palmate, 5-leaflets, margins toothed; flowers small, greenish; fruit pruple-black berries.";"Tokai; wetlands"
479;"Paspalum dilatatum ";"POAC";"Common Paspalum";"Paspalum dilatatum ";"Invasive";;"not listed";"Culms loose; ligule 4mm long; flowerheads with hair tufts at branches; spikelets flat, round, margin silky haired ";"Disturbed areas in damp places; common"
20;"Paspalum notatum";"POAC";"Bahia Grass";"Paspalum notatum";"Invasive";;"not listed";"Dense, mat forming, creeping grass, rhizome strong; culms flattened, purple, flowerhead a V of two racemes; spikelets rounded, hairless, shiny";"Not recorded in 1950, mapped by Bromilow"
480;"Paspalum urvillei ";"POAC";"Tall Paspalum";"Paspalum urvillei ";"Invasive";;"not listed";"Culms erect; basal leaf sheaths with stiff hairs; blade rough margin; ligule 5mm long; flowerhead loose, hanging; spikelets with fine, fluffy, white hairs";"Near water on sandy loams in sheltered areas; common; Kirstenbosch and Liesbeek River"
481;"Passiflora caerulea ";"PASS";"Blue Passion Flower";"Passiflora caerulea ";"Invasive";;"not listed";"Woody vine; flowers with long tube, complex; fruit long oblong";"Not recorded in 1950; Australia says name not current - is P. filamentosa"
6;"Passiflora edulis";"PASS";"Purple Grenadilla";"Passiflora edulis";"Invasive";;"not listed";"Hairless, perenniel vine; leaves deeply 3-lobed, margins serrated; stipules small, linear lanceolate; fruit globose, turning deep purple";"Not recorded on Peninsula"
482;"Passiflora tripartita var. mollissima";"PASS";"Banana Poker";"Passiflora tripartita var. mollissima";"Invasive";;"not listed";"Vine with densely hairy stems; flowers with short tube, simple, pink; fruit ovoid, long, yellow";"Not recorded in 1950; previously Passiflora mollissima, but now split up"
483;"Pennisetum clandestinum ";"POAC";"Kikuyu Grass";"Pennisetum clandestinum ";"Invasive";;"not listed";"Mat forming; leaf sheaths overlapping; leaf blades with midrib; flowers single - no inflorescences";"Wet areas; infrequent; spreading from gardens especially to wetlands"
15;"Pennisetum purpureum";"POAC";"Elephant Grass";"Pennisetum purpureum";"Invasive";;"not listed";"Robust, perennial, densely tufted, forming bamboo-like clumps to 4m tall; stems bamboo-like below; spikes densely hairy, yellow brown, bristles in numerous clumps around stalk with one much longer";"Not recorded in 1950"
484;"Pennisetum setaceum ";"POAC";"Fountain Grass";"Pennisetum setaceum ";"Invasive";;"not listed";"Densely tufted, tussocky; spikes densely hairy, purple, stalks with white hairs, cylindrical 100-250 mm long";"Disturbed and dry open and stony areas; spreading along roadsides and quarries; infrequent"
14;"Pennisetum villosum";"POAC";"Feathertop";"Pennisetum villosum";"Invasive";;"not listed";"Densely tufted, open, slightly creeping; spikes densely hairy, white, stalks with white hairs, ovoid 40-70, occ to 110 mm long";"Not recorded on Peninsula; disturbed areas and dry open and stony areas; spreading along roadsides and quarries; infrequent"
81;"Pereskia aculeata";"CACT";"Barbados Gooseberry";"Pereskia aculeata";"Invasive";"1b";"listed";"Shrubby to clambering vine; branches long, whip like; succulent and hook spined when young; old stems with clusters of spines; flowers lemon-scented; fruit  a succulent berry, with a circle of scales - shed";"From SAPIA 2010; from Somerset West"
485;"Periballia minuta ";"POAC";"Small Hairgrass";"Periballia minuta ";"Invasive";;"not listed";"Spikelets laterally compressed, awnless (cf Aira cupaniana";"Moist, shallow soil; infrequent to locally common; abundant at Nadabeni on Cape Flats"
486;"Persea  americana ";"LAUR";"Avocado";"Persea  americana ";"Invasive";;"not listed";"Green tree; flowers inconspicuous green yellow; avocado fruit";"Not recorded in 1950"
614;"Persicaria capitata";"POLY";"Pink Knotweed";"Persicaria capitata";"Invasive";;"not listed";"Herb, flat growing, surface spreading; leaves green shaded with red or pink bands and blotches; flowerheads a round pink ball.";"Newlands forest; Synonyn: Polygonum capitatum"
54;"Persicaria lapathifolia";"POLY";"Spotted Knotweed";"Persicaria lapathifolia";"Invasive";;"not listed";"Annual, erect to procumbent; leaf usually hairless, often with glands, sheath straight-edged; flowerhead a tight cylinder to 600mm, often pendulous; flowers with yellow glands; fruit 2-sided nut, brown";"Disturbed areas, esp. wet areas; a species complex of 12 taxa; was Polygonum, P. tomentosum"
487;"Petrorhagia prolifera ";"CARY";"Childing Pink";"Petrorhagia prolifera ";"Invasive";;"not listed";"Annual; leaf fused into sheath at base, linear, lowermost leaves sometimes in rosette; flowers in dense clusters surrounded by brown, papery bracts, opening singly;  petals notched, pink; style hairy";"Sand or gravel at low altitudes, and in natural vegetation; common"
488;"Phalaris angusta ";"POAC";"Narrow Canarygrass";"Phalaris angusta ";"Invasive";;"not listed";"Panicle cylindrical; 1 sterile floret (if second much reduced); exudes red sap from stems and roots if broken";"Cultivated and fallow areas; infrequent"
489;"Phalaris aquatica ";"POAC";"Harding Canarygrass";"Phalaris aquatica ";"Invasive";;"not listed";"Perennial, panicle cylindrical; 2 sterile florets, equal";"Moist areas and streams; locally common; Rosebank to Wynberg"
21;"Phalaris canariensis";"POAC";"Common Canarygrass";"Phalaris canariensis";"Invasive";;"not listed";"Panicle dense, oval , pale; spikelets flat, 6-10mm long, papery, striped; glume prominently winged; exudes red sap from stems and roots if broken";"Not recorded in 1950, mapped by Bromilow"
490;"Phalaris minor ";"POAC";"Little-seeded Canarygrass";"Phalaris minor ";"Invasive";;"not listed";"Panicle dense, oval , pale; spikelets flat, 4-6mm long, papery, striped; glume with narrow wing; exudes red sap from stems and roots if broken";"Disturbed areas, often where damp and under Wattles;  common"
491;"Phoenix canariensis ";"AREC";"Wild Date Palm";"Phoenix canariensis ";"Invasive";;"not listed";"Palm tree, slender; leaves 4-6m with about 100 leaflets, green, dense; fruit a date with thin flesh";"Below granite outcrops; occasional; Lions Head; not recorded in 1950"
85;"Phoenix dactylifera";"AREC";"Date Palm";"Phoenix dactylifera";"Invasive";;"not listed";"Palm tree, slender; leaves to 3-5m with about 150 leaflets, leaflets 300 X 20mm, grey, sparse; fruit a date with edible flesh";"From SAPIA 2010"
108;"Phormium tenax";"HEME";"New Zealand Flax Lily";"Phormium tenax";"Invasive";;"not listed";"Perennial, rhizomatous to 6m; leaf strap-shaped, 50-120mm wide, 1-3m long, dark green, orange at base, fibrous; flowers red/orange in terminal sprays to 5m; capsules dark brown, falcate";"From SAPIA 2010"
492;"Phyla nodiflora ";"VERB";"Capeweed";"Phyla nodiflora ";"Invasive";;"not listed";"Perennial, creeping, hairy; flowers white, in dense, ovoid spikes ";"Ditches and damp hollows; occasional; Cape Flats, Raapenberg to Kenilworth"
493;"Physalis peruviana ";"SOLA";"Cape Gooseberry";"Physalis peruviana ";"Invasive";;"not listed";"Perenniel, straggling; stems with stellate hairs; flowers yellow with purple centre, solitary, axillary, sepals united at base; fruit surrounded by membranous lantern";"Disturbed areas in shelter; local; Claremont to Tokai"
48;"Physalis viscosa";"SOLA";"Sticky Gooseberry";"Physalis viscosa";"Invasive";;"not listed";"Perenniel, rhizomatous rootstock,straggling; stems with stellate hairs; flowers yellow with dark central blotches, solitary, axillary, sepals united at base; fruit surrounded by sticky membranous lantern";"waste areas and roadsides, croplands"
8;"Phytolacca dioica";"PHYT";"Belhambra";"Phytolacca dioica";"Invasive";;"not listed";"Large tree, trunk buttressed, massively branched; roots shallow; succulent; leaves bright green with pink stalks; flowers on 100mm racemes; fruits in pendulous spikes, green turning black, succulent, berry like";"Not recorded in 1950; cultivated for shade; invades wetlands, disturbed  areas; thrives in arid areas"
99;"Phytolacca icosandra";"PHYT";"Tropical Pokeweed";"Phytolacca icosandra";"Invasive";;"not listed";"Perennial; stems erect, green often red, hairless; leaf smooth; flowerhead a dense terminal spike, stalk -100mm long; flowers small, white to red, with 8-20 stamens; berry white aging to purple-black, juicy, 10-lobed, 10";"From SAPIA 2010"
496;"Picris echioides ";"ASTE";"Bristly Oxtongue";"Picris echioides ";"Invasive";;"not listed";"Perennial, covered with rough bristles; well branched; leaves with white pimples; flowerheads clustered, yellow; bracts broadly triangular";"Waste areas; occasional; Observatory to Claremont"
497;"Pinus canariensis ";"PINA";"Canary Pine";"Pinus canariensis ";"Invasive";;"not listed";"Resprouter; 3 leaf bundles, 150-300mm long, cone cross keeled";"Mountains, granites and sandstones, widespread; infrequent"
498;"Pinus halepensis ";"PINA";"Aleppo Pine";"Pinus halepensis ";"Invasive";;"not listed";"2 leaf bundles, 40-80mm long, slender stiff; cones reddish, glossy";"Mainly Signal Hill and Devils Peak; infrequent"
499;"Pinus pinaster ";"PINA";"Cluster Pine";"Pinus pinaster ";"Invasive";;"not listed";"2 leaf bundles, 80-240mm long, thick, rigid; cones initially purple, browning, ridged hard points";"Mountains; very common and dominant where not controlled"
500;"Pinus pinea ";"PINA";"Stone Pine";"Pinus pinea ";"Invasive";;"not listed";"Umbrella shape, 2 leaf bundles, 50-150mm long, thick, rigid; cones round heavy, fruit round pine nuts";"Flats and lower slopes; spreads slowly; common"
501;"Pinus radiata ";"PINA";"Radiata Pine";"Pinus radiata ";"Invasive";;"not listed";"3 (or 2) leaf bundles, 70-140mm long, slender, dense; cones strongly asymmetrical";"Mountains; very common and dominant where not controlled"
70;"Pinus roxburghii";"PINA";"Chir Pine";"Pinus roxburghii";"Invasive";;"not listed";"3 leaf bundles, 150-300mm long; cone scales elongated and downcurved; bark very thick and fissured";"Not recorded on Peninsula"
502;"Pistia stratiotes ";"ARAC";"Water Lettuce";"Pistia stratiotes ";"Invasive";;"not listed";"Floating, lettuce-like; rosette of leaves with tufts of fibrous roots below";"Canals and vleis, locally abundant"
503;"Pittosporum undulatum ";"PITT";"Australian Cheesewood";"Pittosporum undulatum ";"Invasive";"1b";"listed";"Leaf thin, margin wavy; fruit globose, orange, 13mm across, sticky pulp; beware: Rapanea melanophloeus";"Not recorded in 1950; Tokai, Cecilia, Newlands; in shaded, wetter areas; forest and plantation; disease heavily impacted in 1980s, but rapidly spread again afterwards"
504;"Plantago bigelovii ";"PLAN";"Coast Plantain";"Plantago bigelovii ";"Invasive";;"not listed";"Annual; leaf linear, hairless, about as long as flowering stems; flowerheads a small spike";"Damp areas; rare; Camp Ground, Rondebosch"
505;"Plantago coronopus ";"PLAN";"Buckshorn Plantain";"Plantago coronopus ";"Invasive";;"not listed";"Biennial, downy; leaf 1-veined, pinnately lobed to toothed, fleshy, downy; flowers yellow brown; spike short (long A&S), green, stalk smooth, petal tube hairy, sepals free";"Waste areas; occasional; Green Point to Milnerton"
508;"Plectranthus comosus";"LAMI";"Woolly Plectranthus";"Plectranthus comosus";"Invasive";;"not listed";"Woolly resprouter; leaves large (100mm long, 50 mm wide), densely hairy; flowers in 200-300mm long, blue racemes";"Shaded and moist areas Kirstenbosch to Tokai; locally dense; not recorded in 1950"
509;"Poa annua ";"POAC";"Wintergrass";"Poa annua ";"Invasive";;"not listed";"Short; leaf soft, tip blunt; culms notched below; leaf sheaths compressed and smooth";"Disturbed areas, often where damp; locally very common, occasional in natural vegetation"
510;"Poa pratensis ";"POAC";"Smooth Meadow Grass";"Poa pratensis ";"Invasive";;"not listed";"Rhizomatous; rhizome stout, smooth; lemma woolly at base";"Moist shady areas, often in mountains; locally common; Cape Flats and reservoirs on mountain, grown as winter turf: Kentucky Blue; = P. bidentata"
512;"Polycarpon tetraphyllum var. tetraphyllum";"CARY";"Fourleaf Allseed";"Polycarpon tetraphyllum var. tetraphyllum";"Invasive";;"not listed";"Annual, branching; leaf apparently in whorls of 4; flowers white, tiny, clustered, petals shorter than sepals; fruit splitting at base into 3";"Dry disturbed areas, very common; native vegetation, common; 0-800m"
95;"Polygonum aequale";"POLL";"Knotweed";"Polygonum aequale";"Invasive";;"not listed";"Herbs, stems erect; leaf flat, obtuse, crowded, stipular sheat green with white tip; flowers axillary, green-white or pink, petals 5; fruit longer than petals";"Waste areas; Woodstock, Rondebosch"
514;"Polygonum aviculare ";"POLY";"Prostrate Knotweed";"Polygonum aviculare ";"Invasive";;"not listed";"Annual, erect to decumbent; taproot deep; leaf largest in middle of stem, tip pointed, flat; stipule a sheath, silvery, tip transparent; flowers minute, pink or white, 1-6 at leaf base; nut trigynous, dull";"Roadside, waste areas, cultivation; very common; very resistant to drought"
515;"Polypogon monspeliensis ";"POAC";"Rabbits Foot";"Polypogon monspeliensis ";"Invasive";;"not listed";"Varies in size; leaf margin rough, tip with sharp point; panicle dense, attractive; spikelets very small, abundant, 2 long thin awns";"Damp and disturbed areas, often brackish; common"
516;"Polypogon viridis ";"POAC";"Water Bent Grass";"Polypogon viridis ";"Invasive";;"not listed";"Varies in size; leaf margin rough, tip with sharp point; panicle dense, attractive; spikelets very small, abundant, awnless";"Wet areas, esp. riverbanks, vleis, ditches; locally common"
517;"Pontederia cordata";"PONT";"Pickerel Weed";"Pontederia cordata";"Invasive";;"not listed";"Rooted, arum-like, with blue flower spikes";"River banks, vleis; locally abundant Zeekoeivlei"
518;"Populus canescens ";"SALI";"Grey Poplar";"Populus canescens ";"Invasive";;"not listed";"Root coppicer; deciduous; bark grey with horizontal dark lines; leaves variable on different stems, stalk long";"Planted and spreading; only male plants present in RSA; used for erosion control historically"
93;"Portulaca grandiflora";"PORT";"Moss Rose";"Portulaca grandiflora";"Invasive";;"not listed";"Annual; prostrate to spreading; trichomes at nodes and flowerheads; leaf thick and fleshy, cylindrical; flowers large, 25-50mm across, variable (red, orange, pink, white, yellow); stames about 40, stigmas 5-8";"Garden stray; common"
124;"Portulaca oleracea ";"PORT";"Common Purslane";"Portulaca oleracea ";"Invasive";;"not listed";"Annual, creeper; stems prostrate, red, much branched; taproot deep; leaf succulent, shiny, brownish green; flowers bright yellow in 3s";"Cultivated and disturbed areas; very common"
55;"Potentilla indica";"ROSA";"Mock Strawberry";"Potentilla indica";"Invasive";;"not listed";"Creeper with long runners; leaf trifoliate, arising from crowns; flowers yellow, long stalked; fruit white or red";"Shady damp places; was Duchesnea indica"
75;"Prosopis glandulosa var. torreyana";"FABA";"Honey Mesquite";"Prosopis glandulosa var. torreyana";"Invasive";;"not listed";"Multistemmed tree; branches reddish brown; paired straight spines at nodes; leaves with 1 pr of pinnae; leaflets 10-25mm long, oblong, well spaced, hairless; flower yellow in long spikes; fruit slender, woody, straight, beaded pods, yellow to purple";"From SAPIA 2010; Cape Flats; water courses; hybridizes with other spp making ID difficult"
76;"Prosopis velutina";"FABA";"Velvet Mesquite";"Prosopis velutina";"Invasive";;"not listed";"Multistemmed, all parts hairy when young; spines, paired, straight; leaves with 2 pairs of pinnae, leaflets 6-13mm, oblong, closely spaced, velvet haired when young; flowers yellow; fruit straight to strongly curved, constricted pods";"From SAPIA 2010; was Prosopis glandulosa var. velutina; hybridizes with other Prosopis"
27;"Prunus armeniaca";"ROSA";"Apricot";"Prunus armeniaca";"Invasive";;"not listed";"Tree 8-12m; deciduous; leave ovate, 50-90mm long, base rounded, tip pointed; flowers flush before leaves; fruit round, furry, with a single stone with 3 ridges on one side";"Not recorded on Peninsula"
57;"Prunus persica  var. persica";"ROSA";"Peach Tree";"Prunus persica  var. persica";"Invasive";;"not listed";"Tree, deciduous,  leaf 70-160mm long; flowers produced before leaves; fruit smooth or velvety; with stone";"Not recorded in 1950"
526;"Psidium guajava ";"MYRT";"Guava";"Psidium guajava ";"Invasive";;"not listed";"Bark smooth, mottled; Leaves with veins impressed above, raised below; fruit berry with large pips";"Not recorded in 1950"
527;"Pteris tremula ";"PTER";"Tender Brake";"Pteris tremula ";"Invasive";;"not listed";"Fronds venation free, ultimate segments linear, tips rounded, dentate";"Not recorded in 1950"
528;"Puccinellia fasciculata ";"POAC";"Saltmarsh Alkaligrass";"Puccinellia fasciculata ";"Invasive";;"not listed";"Stiff branches and relatively compact panicle; saline habitats";"Wet saline areas, esp. if disturbed; infrequent"
529;"Pyracantha angustifolia ";"ROSA";"Yellow Firethorn";"Pyracantha angustifolia ";"Invasive";;"not listed";"Leaves with rolled margins and notch; orange berries";"Not recorded in 1950"
530;"Pyracantha coccinea ";"ROSA";"Firethorn";"Pyracantha coccinea ";"Invasive";;"not listed";"Stalks pubescent; leaf tips pointed; flowers larger, white; fruit larger; ";"Not recorded in 1950"
110;"Pyrus communis subsp. communis";"ROSA";"European Pear";"Pyrus communis subsp. communis";"Invasive";;"not listed";"Deciduous tree; stems brown, often slightly hairy, rarely with thorns; leaf glossy green, hairless, deciduous; flowers white, 5 petals, in umbel-like heads; fruit a pear, with gritty stone cells";"From SAPIA 2010"
531;"Quercus canariensis ";"FAGA";"Algerian Oak";"Quercus canariensis ";"Invasive";;"not listed";"Bark dark, deeply fissured; leaf with lobes largest at broadest, decreasing to tip, often hooded, stalk often red; acorn cup hemispheric, 5-10mm stalk";"Not recorded in 1950"
532;"Quercus cerris ";"FAGA";"Turkey Oak";"Quercus cerris ";"Invasive";;"not listed";"Bark dark, rough; leaves often narrow at 1/3 almost 3 lobed, densely hairy; acorn narrow in mossy cup and protruding scales";"Not recorded in 1950"
533;"Quercus ilex ";"FAGA";"Holm Oak";"Quercus ilex ";"Invasive";;"not listed";"Bark black, square cracked; leaf evergreen, thin, hard, small 50-100mm, spined when young, entire when mature; acorn a cup of felted scales";"Not recorded in 1950"
534;"Quercus palustris ";"FAGA";"Pin Oak";"Quercus palustris ";"Invasive";;"not listed";"Bark grey-brown, rough with shallow ridges and furrows, leaf with as much sinus as blade, lobes sharply pointed; acorns small, with thin, shallow cup";"Not recorded in 1950; acidic wetlands"
535;"Quercus robur ";"FAGA";"English Oak";"Quercus robur ";"Invasive";;"not listed";"Deciduous tree; leaf base ear-shaped; acorns on long stalks, cups shallow, toothed";"Commonly planted; seeding in shady areas and wetlands"
536;"Quercus suber ";"FAGA";"Cork Oak";"Quercus suber ";"Invasive";;"not listed";"Bark with corky ridges; leaf evergreen, wavy, densely hairy, spine tipped (5-6 on each side) lobes; acorn deep cup, upper scales elongated";"Commonly planted, spreading"
619;"Ranunculus repens";"RANU";"Creeping Buttercup";"Ranunculus repens";"Invasive";;"not listed";"Stoloniferous, with prostrate running and erect flowering stems; stems and leaves with scattered fine hairs; leaves basal, 3-lobed; flowers bright yellow.";"Constantia - Die Hel"
538;"Raphanus raphanistrum ";"BRAS";"Wild Radish";"Raphanus raphanistrum ";"Invasive";;"not listed";"Annual, erect, branched; often with large basal rosette; taproot stout; flowers 4-cross, white, yellow, pink or purple, no dark veins; pods long, hard, beaded, splitting at beads";"Roadsides and disturbed areas; very common"
130;"Raphanus sativum";"BRAS";"Garden Radish";"Raphanus sativum";"Invasive";;"not listed";"Annual, erect, large, branched, bulbous tuber; often with large basal rosette; taproot stout, less hairy to hairless; flowers 4-cross, white, yellow, pink or purple, veins dark; pods long, spongy, not beaded";"Ditches and roadsides; occasional"
131;"Rapistrum rugosum ";"BRAS";"Wild Mustard";"Rapistrum rugosum ";"Invasive";;"not listed";"Annual, erect, tall; basal leaves with one big upper lobe and 2-3 basal lobes, upper leaves oblong; flowers 4-cross, pale yellow; pods 2 segments upper large, lower narrow";"Roadsides and waste areas; common; very common Green Point and Sea Point"
133;"Ricinus communis ";"EUPH";"Castor-oil Plant";"Ricinus communis ";"Invasive";;"not listed";"Perennial, tree-like herb; hairless; leaves shiny, dark green or red; fruit spiny capsules with mottled beans";"Disturbed areas, occasional"
11;"Rivina humilis";"PLAN";"Bloodberry";"Rivina humilis";"Invasive";"1a";"listed";"Spreading herb, hairy when young; leaf green, thin, stalk slender, long; flowers white to green to red, on a many-flowered raceme up to 100mm long; Berries bright red, with one hairy seed";"Not recorded in 1950, mapped by Bromilow; potentially serious on forest margins, bird dispersed"
134;"Robinia pseudoacacia ";"FABA";"Black Locust Tree";"Robinia pseudoacacia ";"Invasive";;"not listed";"Spines, short, straight, paired; flowers in white, pendulous, fragrant sprays; root coppice";"Disturbed areas, occasional, forming extensive stands from root coppice; not recorded in 1950"
135;"Rorippa nasturtium-aquaticum ";"BRAS";"Watercress";"Rorippa nasturtium-aquaticum ";"Invasive";;"not listed";"Mat-like perennial, rooting at nodes, leaves odd-pinnate; flowers white; pod 2-valved purse";"Permanently wet places on flats; occasional; was Nasturtium officinale"
137;"Rubus rosifolius ";"ROSA";"Roseleaf Bramble";"Rubus rosifolius ";"Invasive";;"not listed";"Leaves 5 (or to 9) foliate, thorns on rachis,  soft hairs, and glandular hairs below, stipule attached to leaf stalk; few flowers in prickly, branched flowerheads; fruit bright red when ripe";"Dense shade; very local; Oranjezicht"
140;"Rumex crispus ";"POLY";"Curly Dock";"Rumex crispus ";"Invasive";;"not listed";"Perennial, tall; leaf not heart-shaped at base, erect at base, smaller higher up, stipule a sheath; pedicel jointed near base; flowers  small, 3 sepals, 3 petals, turning red, dense whorls; valves oval, all 3 swollen";"Damp areas on Cape Flats; occasional"
141;"Sagina apetala subsp. apetala";"CARY";"Annual Pearlwort";"Sagina apetala subsp. apetala";"Invasive";;"not listed";"Annual, lax, variable, slightly hairy on upper parts; no rosette; no petals; sepals clasping the fruit, outer pointed";"Open soils, where disturbed or natural; common"
142;"Sagina apetala subsp. erecta";"CARY";"Erect Annual Pearlwort";"Sagina apetala subsp. erecta";"Invasive";;"not listed";"Annual, lax, variable; no rosette; no petals, sepals rounded, often erect in fruit, spreading as a horizontal cross";"Damp areas; rare; Kenilworth"
143;"Sagina maritima ";"CARY";"Sea Pearlwort";"Sagina maritima ";"Invasive";;"not listed";"Annual, dark green, fleshy; leaves blunt, stubby; sepals not spreading in fruit ";"Not recorded in 1950"
144;"Sagina procumbens subsp. undetermined";"CARY";"Creeping Pearlwort";"Sagina procumbens subsp. undetermined";"Invasive";;"not listed";"Perennial, tufted, prostrate; leaf hair-tipped; flowers tiny, greenish, long-stalked, petals and styles 4, fruit narrowed at top";"Well-watered lawns; local"
145;"Salix babylonica ";"SALI";"Weeping Willow";"Salix babylonica ";"Invasive";;"not listed";"Long, drooping branches with drooping leaves, leaf hairless, serrate";"Planted by water; occasional; Disa, Prinskasteel and Lourens Rivers"
146;"Salix caprea ";"SALI";"Pussy Willow";"Salix caprea ";"Invasive";;"not listed";"Shoots thick, knobbly; growth upright, shrubby;  stems hairy at first; stipule dropping late; catkins stout, unstalked, with silvery white hairs in bud";"In vleis; dense at Tokai; Not recorded in 1950"
147;"Salix fragilis";"SALI";"Crack Willow";"Salix fragilis";"Invasive";;"not listed";"Bark grey, rugged; branchlets brittle, snapping easily, hairless; leaf 2 glands at base; stipules large, deciduous, heart-shaped; catkins slender";"Wetlands and riversides; occasional; Constantia and Tokai; not recorded in 1950"
148;"Salsola kali ";"CHEN";"Russian Tumbleweed";"Salsola kali ";"Invasive";;"not listed";"Annual, variable, prickly; stem not striped; leaf unstalked, succulent, sharp tipped; flower green, persisting, solitary with leaf-like bracts";"Open sand near sea and Cape Flats between Rondevlei and Muizenberg; occasional"
149;"Salvinia molesta ";"SALV";"Kariba Weed";"Salvinia molesta ";"Invasive";;"not listed";"Floating, paired leaves, unwettable, ""roots"" below";"Vleis , pools, on Cape Flats; locally dominant"
150;"Sambucus nigra";"ADOX";"Elderberry";"Sambucus nigra";"Invasive";;"not listed";"Deciduous tree; leaf 5-7 leaflets, stipules tiny or absent; flowerhead much-branched, flat-topped; flowers small, white, anthers violet; berry purple-black, drooping";"Not recorded in 1950; riverine and wet areas; occasional; A complex species or group of species (experts divided); sometimes recognized with var. canadensis"
151;"Schinus molle ";"ANAC";"Peruvian Pepper Tree";"Schinus molle ";"Invasive";;"not listed";"Branches hanging; leaf downy when young, about 37 narrowly lanceolate leaflets, peppery if crushed; fruit rosy pink";"Not recorded in 1950"
152;"Schinus terebinthifolius ";"ANAC";"Brazilian Pepper Tree";"Schinus terebinthifolius ";"Invasive";;"not listed";"Leaf with winged rachis; sexes separate; fruit bright red";"Not recorded in 1950"
153;"Schkuhria pinnata ";"ASTE";"Dwarf Marigold";"Schkuhria pinnata ";"Invasive";;"not listed";"Annual, much branched; leaves 3-5 pinnate";"Roadsides; rare; Rondebosch"
154;"Schoenoplectus triqueter ";"CYPE";"Triangular Club-rush";"Schoenoplectus triqueter ";"Invasive";;"not listed";"Culms and bracts sharply 3 angled, more than 200mm tall; spikelets brown, stalks triangular in section; petals bristled, style branches 2";"Margins of vleis; locally frequent; Muizenberg, Kommetjie"
155;"Scleranthus annuus ";"CARY";"Annual Scleranthus";"Scleranthus annuus ";"Invasive";;"not listed";"Annual, minute, erect, spiky looking, with a single line of reversed hairs; leaves clasping round stem; flowers clustered, no petals, sepals 5, green with white tip";"Moist sand or gravel at low levels; occasional to rare"
156;"Secale cereale ";"POAC";"Rye";"Secale cereale ";"Invasive";;"not listed";"Lemma keel fringed with stiff hairs, awns to 50mm long, rachis persistent";"Stray from cultivation; rare in roadsides and disturbed areas"
82;"Senna didymobotrya";"FABA";"Peanutbutter Cassia";"Senna didymobotrya";"Invasive";;"not listed";"Shrub to 6m tall; smells strongly of peanut butter; leaf dark green, 8-21 pairs of 20-50mm long, oblong leaflets; flowers yellow, in erect racemes, buds brown; pods 100mm long, aging brown, downy";"From SAPIA 2010; disturbed areas; from Somerset West"
160;"Senna multiglandulosa ";"FABA";"Peanut Butter Weed";"Senna multiglandulosa ";"Invasive";;"not listed";"Young stems and leaf undersides golden hairy; rachis with glands between leaflets; fruit long pods with corrugations";"Not recorded in 1950"
161;"Sequoia sempervirens";"TAXO";"Coast Redwood";"Sequoia sempervirens";"Invasive";;"not listed";"Vigorous coppicer; leaf two types: scale leaf on leading and fertile shoots, laterals with linear, spreading, 2-ranked leaves; cones globular, 20 mm, scales wrinkled";"Planted; escaping at Silvermine"
162;"Sesbania  punicea ";"FABA";"Red Sesbania";"Sesbania  punicea ";"Invasive";;"not listed";"Leaves drooping, pods 4-angled; flowers red; riverine areas";"Not recorded in 1950"
163;"Seseli annuum subsp. curvifolium";"APIA";"Steppe Fennel";"Seseli annuum subsp. curvifolium";"Invasive";;"not listed";"Perennial; stem ridged; leaf lobes narrow; flowers in umbels with 0-1 bracts";"Not recorded in 1950"
164;"Setaria geniculata ";"POAC";"Marsh Bristlegrass";"Setaria geniculata ";"Invasive";;"not listed";"Spikelets with 2-3 yellow bristles";"Cultivated and disturbed areas; rare"
60;"Setaria viridis";"POAC";"Green Foxtail";"Setaria viridis";"Invasive";;"not listed";"Annual, decumbent or erect to 2.5m; leaf 400mm long, 25mm wide, hairy bases, margins often purplish; flowerhead dense, spikelike, compact panicle to 200mm, erect or nodding; spikeletes with 3 stiff bristles";"Urban, disturbed and cultivated places; introduced from Tropical Africa;"
166;"Sida rhombifolia ";"MALV";"Arrow-leaf Sida";"Sida rhombifolia ";"Invasive";;"not listed";"Annual to perennial, erect, branched, with short stellate hairs when young; taproots strong; leaf on short hairy stalks;  petals bright yellow, sepals grey, anthers in terminal bundle; fruit with 2 points on each segment";"Claremont and Newlands, locally common; cultivated areas, occasional"
35;"Silene coeli-rosa";"CARY";"Rose of Heaven";"Silene coeli-rosa";"Invasive";;"not listed";"Annual, erect, sticky hairs, widespreading branches; flowers 10-12, pointing in one direction; petals notched, white or pink";"Med species; garden stray Claremont and elsewhere was Agrostemma, Eudiante"
167;"Silene gallica var. gallica";"CARY";"French Silene";"Silene gallica var. gallica";"Invasive";;"not listed";"Annual, erect, sticky hairs, widespreading branches; flowers 10-12, pointing in one direction; petals notched, white or pink, often with red spot";"Disturbed areas and roadsides, common; natural vegetation, occasional; Small-flower Catchfly"
168;"Silybum marianum ";"ASTE";"Holy Milk Thistle";"Silybum marianum ";"Invasive";;"not listed";"Annual, erect; stems downy, unwinged; leaf wavy edged, spiny, obvious white veins; flowerheads rayless, solitary, purple, bracts leafy ending in long spines ";"Waste areas; occasional"
169;"Sinapis alba ";"BRAS";"White Mustart";"Sinapis alba ";"Invasive";;"not listed";"Annual, roughly hairy; leaf all irregularly lobed and toothed, uppermost stalked; flowers 4-cross, yellow, sepals long; pods long, beaded, beak as long as fruit";"Roadsides and disturbed areas; rather rare"
170;"Sinapis arvensis ";"BRAS";"Charlock";"Sinapis arvensis ";"Invasive";;"not listed";"Annual, roughly hairy; leaf irregularly lobed and toothed; upper narrow, unstalked, but not clasping stem; flowers 4-cross, yellow; pods long, beaded, beak shorter than fruit";"Roadsides and waste areas; occasional"
171;"Sisymbrium officinale ";"BRAS";"Mustard";"Sisymbrium officinale ";"Invasive";;"not listed";"Annual, stiff, roughly hairy, spreading branches; all leaves lobed; flowers 4-cross, pale yellow; pods closely pressed to stem";"Roadsides and disturbed areas; common"
172;"Sisymbrium orientale ";"BRAS";"Indian Hedge Mustard";"Sisymbrium orientale ";"Invasive";;"not listed";"Annual, stiff, roughly hairy, spreading branches; rosette leaves lobed, less lobed on branches; flowers 4-cross, pale yellow; pods spreading, hairy at first";"Veld and disturbed sand; frequent to locally abundant"
89;"Sisyrinchium angustifolium";"IRID";"Narrow-leaf Blue-eyed Grass";"Sisyrinchium angustifolium";"Invasive";;"not listed";"Clumps to 400mm, in dense tufts from root; no bulb; leaf linear; flower 6 petals; blue with yellow centre; capsules round, large";"From SAPIA 2010; includes S. graminoides and S. bermudiana"
173;"Sisyrinchium micranthum ";"IRID";"Minute Blue-eyed Grass";"Sisyrinchium micranthum ";"Invasive";;"not listed";"Minute to 30mm; no bulb; leaf linear, tufted from root; flower 6 petals; blue with yellow centre; capsules round, large";"Mainly lawns; easily overlooked, Kirstenbosch to Tokai; not recorded in 1950"
10;"Solanum elaeagnifolium";"SOLA";"Silver-leaf Bitter Apple";"Solanum elaeagnifolium";"Invasive";;"not listed";"Herbaceous with annual stems and extensive perenniel roots; covered in white or silver felt-like hair; leaf silver-green above, wavy and folded up along midrib, underside silver; fruit shiny berries 12mm across, green with white patches, turning yellow";"Not recorded in 1950, mapped by Bromilow; disturbed areas, plantations, roadsides"
176;"Solanum lycopersicum";"SOLA";"Tomato";"Solanum lycopersicum";"Invasive";;"not listed";"Annual vines; leaf 5-9 leaflets, densely glandular hairy; flowers in heads of 3-12, yellow; fruit the classical tomato";"Not recorded in 1950"
177;"Solanum marginatum ";"SOLA";"Purple African Nightshade";"Solanum marginatum ";"Invasive";;"not listed";"Erect, rhizomatous, slender spines on stems, leaves and calyx, slender, flat based; stellare hairs; leaves grey, with prickles; flowerhead with 3-5 flowers; fruit spherical, hairless, green, yellow, very tough skinned";"Damp, sheltered areas; occasional; Newlands and Kirstenbosch"
178;"Solanum mauritianum ";"SOLA";"Bugweed";"Solanum mauritianum ";"Invasive";;"not listed";"Large erect shrub; stems rounded; leaves above velvety green, below velvety whitish, unpleasant odour if crushed, no spines, stalk with egg-shaped lobes; flowerhead terminal, umbel, flat topped; petal mauve, hairy; berries yellow";"Moist, sheltered areas; frequent; Devils Peak to Tokai; (1950s, frequent at Liesbeeck)"
539;"Solanum nigrum ";"SOLA";"Black Nightshade";"Solanum nigrum ";"Invasive";;"not listed";"Annual to biennial; erect; taproot strong; stems with toothed wings at leaf base; leaf occ. Lobed, no spines; flowers 6-9, sepal tube 3X longer than lobes, style with ascending hairs below; fruit in hanging umbels, small purple-black berries";"Cultivated areas"
541;"Solanum sisymbriifolium ";"SOLA";"Dense-thorn Bitter Apple";"Solanum sisymbriifolium ";"Invasive";;"not listed";"Much branched, roots extensive; all parts with sticky, glandular hairs and bright red-yellow, 20mm long spines; leaf dull green; flowers pale; tomatoes produced within a husk, green turning bright red";"Not recorded in 1950"
542;"Sonchus asper ";"ASTE";"Spiny Sowthistle";"Sonchus asper ";"Invasive";;"not listed";"Annual, erect; taproots fibrous; leaf bases rounded lobes, clasping stem, margins toothed and spiny; flowerheads yellow dandelions, no rays; pappus makes clock";"Waste and moist areas on the flats; occasional"
543;"Sonchus oleraceus ";"ASTE";"Sowthistle";"Sonchus oleraceus ";"Invasive";;"not listed";"Annual, erect; taproots fibrous; leaf very variable, bases arrow pointed, clasping stem, margins variable, softly spiny; flowerheads yellow dandelions, no rays; pappus makes clock";"Waste and cultivated areas; common"
544;"Sorghum halepense";"POAC";"Columbus Grass";"Sorghum halepense";"Invasive";;"not listed";"Culms thick, often with prop roots; leaf white midrib; panicle with horizontal branches; spikelets dark red-brown; ";"Disturbed areas, common"
545;"Spartium junceum ";"FABA";"Spanish Broom";"Spartium junceum ";"Invasive";"1b";"listed";"Resprouter; Leaves shed early, so branches usually leafless, cylindrical, green; flowers in yellow heads";"Not recorded in 1950; common at Tokai, Cecilia, Newlands and Devils Peak; roadside weed"
546;"Spergula arvensis ";"CARY";"Corn Spurry";"Spergula arvensis ";"Invasive";;"not listed";"Annual, slender, stems sparse or densely glandular hairy, flowers white, petals 5 not notched; styles 5";"Cultivated or disturbed sand; frequent"
547;"Spergularia media ";"CARY";"Greater Sea Spurrey";"Spergularia media ";"Invasive";;"not listed";"Annual, slender, diffuse, creeping, rooting from nodes, hairy to hairless; sheath rounded; petals longer than sepals; seeds circular with a membranous wing";"At or near the coast and marches inland; common"
548;"Spergularia rubra ";"CARY";"Sand Spurrey";"Spergularia rubra ";"Invasive";;"not listed";"Annual, sticky hairs; leaves not fleshy; stipules silvery, rounded; flowers 3-6, pale pink; flowerhead lax; seeds triangular, wingless";"Dry open areas, sand or gravel; occasional"
549;"Stachys arvensis ";"LAMI";"Staggerweed";"Stachys arvensis ";"Invasive";;"not listed";"Annual, low, sprawling, hairy; leaf heart-shaped, bluntly toothed, unstalked on upper stem; flowers in axillary whorls of 3-6, similar to sepals in length, dull purple with white tubed";"Waste areas and gardens; common"
550;"Stellaria media ";"CARY";"Chickweed";"Stellaria media ";"Invasive";;"not listed";"Annual, prostrate; stems with line of hairs, otherwise hairless; leaf oval, lower long stalked; flowers petals cleft to base or absent, white";"Cultivated and disturbed areas, very common, shaded natural vegetation, common"
551;"Stenocarpus sinuatus ";"PROT";"Queensland Firewheel Tree";"Stenocarpus sinuatus ";"Invasive";;"not listed";"Erect, upright tree; leaves variable from simple to deeply lobed on same tree, glossy, thick; flowerheads in spokes-on-wheel arrangement";"In plantations; Newlands; local"
558;"Stipa papposa ";"POAC";"Pappus Speargrass";"Stipa papposa ";"Invasive";;"not listed";"Lemma with brush of shiny white hairs; glumes short";"Roadside; rare; only known from UCT in 1963+1980"
610;"Symphytum  bulbosum";"BORA";"Comfrey";"Symphytum  bulbosum";"Invasive";;"not listed";"Perennial herb, leaves large, broad hairy; flowers cream, bell-shaped.";"Constantia  - Alphen trail; damp grassy areas.  Used in organic gardens and by herbalists."
559;"Syzygium  paniculatum ";"MYRT";"Australian Brush Cherry";"Syzygium  paniculatum ";"Invasive";;"not listed";"Small tree, bark flaky, leaf glossy; flowers white; berries pinkish red, oval, succulent, insipid";"Not recorded in 1950"
83;"Syzygium jambos";"MYRT";"Rose Apple";"Syzygium jambos";"Invasive";;"not listed";"Evergreen tree; leaf dark green, lanceolate, tapering, 130-200mm long; flowers 50-80mm across, in clusters of few flowers, stamens long, green-white; fruit a few-seeded berry, round sepals persistent, rose fragrant";"From SAPIA 2010; disturbed areas; from Somerset West"
560;"Tagetes minuta ";"ASTE";"Tall Khakiweed";"Tagetes minuta ";"Invasive";;"not listed";"Summer annual; leaf strongly aromatic and glandular; involucral bracts 1 row, united almost to tip, 3, with orange-brown glandular  patches ";"Waste areas; Newlands to Claremont"
7;"Tamarix ramosissima";"TAMA";"Pink Tamarisk";"Tamarix ramosissima";"Invasive";;"not listed";"Evergreen tree, bark reddish brown; leaves minute, scales; flowers small, in racemes 15-70mm long at ends of thin twigs, petals obovate, sepals unevenly toothed";"Not recorded in 1950; do not muddle with indigenous Wild Tamarisk T. usneoides (but hybrids recorded in Namibia) with overlapping leaves and white flowers on short, dense twigs"
561;"Taraxacum officinale ";"ASTE";"Common Dandelion";"Taraxacum officinale ";"Invasive";;"not listed";"Perennial; taproot long and stout; leaf usually hairless and lobed, milky sap; flowerheads solitary, on hollow stalks; pappus makes clock";"Cultivated areas; occasional"
607;"Taxodium distichum";"TAXO";"Swamp Cypress";"Taxodium distichum";"Invasive";;"not listed";"Deciduous trees, with ""knee"" roots; bark reddish-brown, with vertical small fissures, stringy; shoots alternate; leaves 10 X 2 mm alternate in 2 ranks; male catkins at ends of shoots; cones small, globular, green aging purople;";"Wetlands, in water; at Tokai"
563;"Tecoma stans";"BIGN";"Yellow Trumpetflower";"Tecoma stans";"Invasive";;"not listed";"Shrub; leaf soft, almost hairless 5-13 leaflets, except on veins beneath; flowers bright gold, trumpet-shaped; pods very long, pendulous, with 2 chambers, splitting; seeds flat, papery";"Not recorded in 1950"
68;"Telopea speciosissima";"PROT";"Waratah";"Telopea speciosissima";"Invasive";;"not listed";"Leaves wedge-shaped, toothed or lobed above, tapering to long stalk; flowerheads large, involucral bracts large, flowers in pairs, red";"Naturalized at Helderberg"
84;"Tithonia diversifolia";"ASTE";"Mexican Sunflower";"Tithonia diversifolia";"Invasive";;"not listed";"Bushy annual or perenniel; leaf 3-5 deep lobes, stalk winged; flowerheads bright yellow, with 4 series of bracts, inner with rounded papery tips; solitary on long, velvety stalks";"From SAPIA 2010"
564;"Tradescantia  fluminensis ";"COMM";"Wandering Jewess";"Tradescantia  fluminensis ";"Invasive";;"not listed";"Soft green, flowers terminal with expanded bracts, white, filaments with long hairs";"Sheltered stream banks; local at Liesbeek, Black Rivers and Noordhoek"
41;"Tragopogon porrifolius";"ASTE";"Purple Salsify";"Tragopogon porrifolius";"Invasive";;"not listed";"Biennial to 1.2m tall; milky sap; leaf somewhat grasslike, base larger, encircling stem; involucral bracts green, long and pointed; rays narrow and pointed; fruit a dandeline clock";"Disturbed areas and roadsides; roots edible"
565;"Trifolium angustifolium var. angustifolium";"FABA";"Narrowleaf Clover";"Trifolium angustifolium var. angustifolium";"Invasive";;"not listed";"Annual, erect, softly hairy; leaf distant; flowers small, in dense, rounded head, pink, terminal, wings longer than keel, sepals hairy; pods with dead flowers, resembling dead grass heads";"Roadside and waste places; abundant"
566;"Trifolium arvense ";"FABA";"Haresfoot Clover";"Trifolium arvense ";"Invasive";;"not listed";"Annual-biennial, softly hairy, branching; leaflets narrow, sheath awl-like; flowers small, axillary, in dense, egg-shaped, stalked heads, pale pink or white, petals shorter than sepal tube; pods with dead flowers";"Roadsides and waste areas; occasional"
567;"Trifolium campestre ";"FABA";"Yellow Clover";"Trifolium campestre ";"Invasive";;"not listed";"Annual, low, hairy; leaf with side smaller, not pointed, sheath awl-like; flowers small, yellow, 20-30 in dense, rounded head, wings longer than keel, reflexed on fading; pods with pale brown dead flowers";"Roadsides, fields, waste areas; very common"
568;"Trifolium cernuum ";"FABA";"Droop-flower Clover";"Trifolium cernuum ";"Invasive";;"not listed";"Annual, procumbent, almost hairless, internodes long; flowers small, in dense, rounded head on short stalk, wings longer than keel; pods with dead flowers";"Damp areas in fields; occasional"
569;"Trifolium dubium ";"FABA";"Irish Shamrock";"Trifolium dubium ";"Invasive";;"not listed";"Annual, prostrate, slender, almost hairless; leaflets slightly notched, middle longer stalked, stipule winged; flowers small, yellow, 3-15 in dense, rounded head, wings longer than keel, reflexed on fading; pods straight with dead brown flowers";"Roadsides, fields, waste areas; very common"
570;"Trifolium glomeratum ";"FABA";"Clustered Clover";"Trifolium glomeratum ";"Invasive";;"not listed";"Annual, prostrate, long internodes; leaf often with pale patch, stipule leafy; flowers small, stalkless, in dense, rounded head, pale pink, unstalked at base of leaf, calyx teeth turned back; pods with dead flowers";"Roadsides and waste areas; common"
571;"Trifolium ornithopodioides ";"FABA";"Fenugreek";"Trifolium ornithopodioides ";"Invasive";;"not listed";"Annual, prostrate; stipule leafy; flowers small, 2-4 in dense, rounded head, white or pale pink; pods with dead flowers, much longer than sepal tube, several seeded, well exserted beyond sepals";"Fields and commons; occasional"
572;"Trifolium repens ";"FABA";"White Clover";"Trifolium repens ";"Invasive";;"not listed";"Perennial, creeping, rooting at nodes, hairless; leaf with white mark, stalk long, sheath awl-like; flowers small, in dense, rounded head, white (or pink); pods with dead brown flowers";"Roadsides and lawns; occasional"
573;"Trifolium resupinatum ";"FABA";"Reversed Clover";"Trifolium resupinatum ";"Invasive";;"not listed";"Annual, creeping, hairless;  stipule leafy; flowers small, stalkless, twisted upside down, in dense, rounded head - like pink strawberry; pods with dead flowers, sepals inflating, woolly";"Damp areas in fields and commons; occasional"
574;"Trifolium suffocatum ";"FABA";"Suffocated Clover";"Trifolium suffocatum ";"Invasive";;"not listed";"Annual, prostrate, hairless; leaf on long petioles; flowers small, in dense, tightly packed, unstalked, rounded head, white, petals hidden by green calyx teeth; pods with dead flowers, calyx recurved";"Fields and commons; occasional"
575;"Trifolium tomentosum ";"FABA";"Woolly Clover";"Trifolium tomentosum ";"Invasive";;"not listed";"Annual, small, creeping, hairless; Flowers small, in dense, rounded head, pink, wings longer than keel; pods with dead flowers, sepals inflating, woolly";"Roadsides and waste areas; rather common"
576;"Triticum durum ";"POAC";"Durum Wheat";"Triticum durum ";"Invasive";;"not listed";"Glumes keeled, awned, spikelets swollen; awns rough";"Stray from cultivation; rare in open ground"
577;"Tropaeolum majus";"TROP";"Nasturtium";"Tropaeolum majus";"Invasive";;"not listed";"Annual, trailing; leaves large circular, stalk near middle, peppery taste - edible; flowers with long nectar spur, yellow, orange or red; fruit 3-segmented";"Constantia; locally common; not recorded in 1950; Do not confuse the Nasturtium with the genus Nasturtium - which is a Cabbage Family)"
578;"Urospermum picroides ";"ASTE";"Prickly Goldenfleece ";"Urospermum picroides ";"Invasive";;"not listed";"Annual; flowerheads many flowered, all ray-flowered; involucre hispid";"Waste areas; occasional; Observatory to Claremont"
556;"Urtica dubia ";"URTI";"Largeleaf Nettle";"Urtica dubia ";"Invasive";;"not listed";"Annual; stinging bristles on stem & leaves, not as potent; stipules scale-like, 2 per leaf pair; flowerhead axillary, as long as leaves or longer, sexes in separate groups, more females in lower, shorter flowerheads, males in upper, longer flowerheads";"Under trees on lower slopes of Devils Peak; rather rare"
579;"Urtica urens ";"URTI";"Small Stinging Nettle";"Urtica urens ";"Invasive";;"not listed";"Annual, strong taproot; stinging bristles on stem and leaves; stems square; stipules scale-like, 2 per leaf; flowerheads axillary, shorter or as long as leaves, sexes in separate groups";"Cultivated and disturbed areas, frequent; veld, less frequent"
580;"Verbascum virgatum ";"SCRO";"Aarons Rod";"Verbascum virgatum ";"Invasive";;"not listed";"Biennial, tall, stems angled, unbranched; hairless below, sticky hairs above; leaves above alternate, smaller and heart-shaped at base, puckered; flowers flat, 5-petals, yellow, clusters of 1-5 short-stalked flowers, stamens with purple hairs";"Near cultivation; occasional; Rondebosh to Constantia, Silvemine; also Twiggy Mullein"
581;"Verbena bonariensis ";"VERB";"Purple Top Verbena";"Verbena bonariensis ";"Invasive";;"not listed";"Perennial, course, erect, tall; stems square, stiff, roughly hairy; leaf clasping at base; flowerheads dense spikes; flowers blue or purple, 2 lipped, 5 lobed, tube 5mm long, hairy in and outside";"Roadsides and disturbed areas; frequent"
582;"Verbena litoralis";"VERB";"Seashore Vervain";"Verbena litoralis";"Invasive";;"not listed";"Perennial, erect; stems square, much branched, almost hairless; leaf stalked; flowerheads purple, crowded; flowers small, lilac, 2 lipped, 5 lobed - all notched, tube hairy in and outside";"Fernwood; rare; inconspicuous"
583;"Verbena officinalis ";"VERB";"Common Vervain";"Verbena officinalis ";"Invasive";;"not listed";"Perennial, erect; stems square, stiff, roughly hairy; leaf deeply lobed; flowerheads slender, long, branching, leafless, lax spikes; flowers lilac, 2 lipped, 5 lobed";"Roadsides and waste areas; frequent"
584;"Verbena rigida var. rigida";"VERB";"Stiff Vervain";"Verbena rigida var. rigida";"Invasive";;"not listed";"Perennial, erect; stems square,  glandular hairy; leaves clasping; flowerheads purple, crowded, flowers lilac, 2 lipped, 5 lobed - all notched, tube 10mm long";"Escape from cultivation; occasional; was Verbena venosa"
586;"Veronica arvensis ";"SCRO";"Common Speedwell";"Veronica arvensis ";"Invasive";;"not listed";"Annual, low, erect, hairy; leaf oval, branching at base; leaf heart-round shpaed; flowers 4 petals, blue, tiny, shorter than sepals, in dense leafy spikes";"Weed of cultivation; rare; Kirstenbosch"
587;"Veronica persica ";"SCRO";"Birdeye Speedwell";"Veronica persica ";"Invasive";;"not listed";"Annual, sprawling, hairy; leaf heart-shaped; flowers 4 petals, sky blue with dark veins, solitary on long stalks";"Weed of cultivation; rare; Rosebank; was Veronica tournefortii"
588;"Vicia benghalensis ";"FABA";"Narrow-leaf Purple Vetch";"Vicia benghalensis ";"Invasive";;"not listed";"Annual, climbing or trailing; leaf 7-10 pairs, ending in tendrils; flowerhead stalk shorter than leaves, axillary; flowers big, white with purple tips, sepals not pouched; pod stalkless, hairy";"Roadsides and waste areas; common; was Vicia atropurpurea"
589;"Vicia hirsuta ";"FABA";"Small Purple Vetch";"Vicia hirsuta ";"Invasive";;"not listed";"Annual, climbing or trailing; leaf 6-8 pairs, ending in tendrils; flowerhead on long stalk; flowers 1-8 in spike, minute, pale lilac, sepal teeth longer than  tube; pods downy, 2 seeded, oblong";"Fields and roadsides; common"
590;"Vicia lutea ";"FABA";"Yellow Vetch";"Vicia lutea ";"Invasive";;"not listed";"Annual, climbing or trailing; leaf ending in tendrils, downy, stipules with a dark spot; flowers 1-3 yellow-white, stalkless; pods downy";"Roadside; occasional; Kirstenbosch to Claremont, Milner Rd"
591;"Vicia sativa subsp. nigra";"FABA";"Spear-leaf Purple Vetch";"Vicia sativa subsp. nigra";"Invasive";;"not listed";"Annual, climbing or trailing; leaf robust, ending in tendrils, stipule with a dark spot; flowers solitary, axillary, purple-pink, small; pod black, not beaded, hairless ";"Fields and hill slopes; frequent"
592;"Vicia sativa subsp. sativa";"FABA";"Broad-leaf Purple Vetch";"Vicia sativa subsp. sativa";"Invasive";;"not listed";"Annual, climbing or trailing; leaf robust, ending in tendrils, stipule with a  dark spot; flowers solitary, axillary, purple-pink, large; pod yellowish, slightly beaded, hairless ";"Hedges and waste areas; occasional"
593;"Vicia tetrasperma ";"FABA";"Lentil Vetch";"Vicia tetrasperma ";"Invasive";;"not listed";"Annual, climbing or trailing; leaf robust, 3-4 pairs, ending in tendrils, almost hairless; flowerhead on long stalks, flowers pale lilac, streaked purple; pod 3-5 seeded, hairless";"Locally common; Newlands to Retreat and Constantia"
594;"Vicia villosa subsp. varia";"FABA";"Hairy Vetch";"Vicia villosa subsp. varia";"Invasive";;"not listed";"Annual, climbing or trailing; stem 4-angular; leaf robust, 5-7 pairs, ending in tendrils; flowerhead stalks longer than leaves, lax; flowers all opening together, sepals pouched at base; pod stalked";"Roadsides and waste areas; occasional; Claremont and Wynberg; was V. varia"
595;"Vinca major ";"APOC";"Greater Periwinkle";"Vinca major ";"Invasive";;"not listed";"Evergreen undershrub; hairless; stems erect and spreading-rooting; leaves leathery, hairless but fringed at X10; flowers on erect stems, solitary, 40-50mm long, blue-violet, 5 joined petals, sepals fringed; seldom seeding";"Under trees and in shade; abundant; on east side of mountains; spreading vegetatively"
596;"Viola arvensis ";"VIOL";"Field Pansy";"Viola arvensis ";"Invasive";;"not listed";"Annual, low, hairy; leaf semi-pinnate, end lobe lanceolate, stipule leafy; flowers single, cream, petals shorter than sepals; petal spur equalling sepal appendages";"Hillsides and cultivation; frequent"
597;"Viola odorata";"VIOL";"Sweet Pansy";"Viola odorata";"Invasive";;"not listed";"Annual, low, hairless or downy; leaf heart shaped, larger in summer, stipule leafy; flowers usually blue-violet (or yellow or white), sepals blunt";"Garden stray; Kirstenbosch and Wynberg; produces only cleistogamous flowers"
598;"Viola tricolor ";"VIOL";"Wild Pansy";"Viola tricolor ";"Invasive";;"not listed";"Annual, low, hairless or downy; leaf semi-pinnate, end lobe longer, , stipule leafy; flowers violet or yellow, petals longer than sepals; petal spur longer than sepal appendages";"Not recorded in 1950"
65;"Vitis vinifera";"VITA";"Grape Vine";"Vitis vinifera";"Invasive";;"not listed";"Woody climber; leaves palmately lobed, tendrils branching; flowers green";"From SAPIA 2010"
601;"Vulpia bromoides ";"POAC";"Fescue";"Vulpia bromoides ";"Invasive";;"not listed";"Spikelets perpendicular to stalk; lower glumes longer; ";"Disturbed rocky areas, esp. roads and streams; locally common, frequent in natural veld"
602;"Vulpia fasciculata ";"POAC";"Dune Fescue";"Vulpia fasciculata ";"Invasive";;"not listed";"Upper glume long awned";"Disturbed areas and dunes; locally common"
603;"Vulpia myuros ";"POAC";"Rats-tail Fescue";"Vulpia myuros ";"Invasive";;"not listed";"Panicle partially enclosed by upper leaf sheaths; lower glume scale like and less than half size of upper glume";"Disturbed areas esp. wet or damp, on sand; locally common; Cape Flats"
111;"Wigandia urens var. caracasan";"BORA";"Caracas Wigandia";"Wigandia urens var. caracasan";"Invasive";;"not listed";"Evergreen, robust to 3m; rusty-brown, irritant hairs; leaves large, purplish; flowers in purple racemes";"From SAPIA 2010; beware contact dermititis"
604;"Xanthium spinosum ";"ASTE";"Spiny Cocklebur";"Xanthium spinosum ";"Invasive";;"not listed";"Annual, much branched; spines 3-forked, orange; cockleburs with hooked spines";"Waste areas; occasional; Observatory to Simonstown"
605;"Xanthium strumarium ";"ASTE";"Large Cocklebur";"Xanthium strumarium ";"Invasive";;"not listed";"Annual, branched; thornless; cockleburs in clusters, with hooked spines";"Waste areas; occasional; frequent at Diep River and Athlone"
606;"Yucca gloriosa ";"AGAV";"Yucca";"Yucca gloriosa ";"Invasive";;"not listed";"Short stems bearing rosettes of leaves; leaf straight, stiff, with a sharp, brown terminal spine;  flowerhead large; flowers bell-shaped, large, pendulous, white";"Not recorded in 1950"
320;"Alsophila dregei";"CYAT";"Common Tree Fern";"Alsophila dregei";"might be extralimital must check";;;"Tree fern; Sori to 12 per pinnae, indusium cupuliform (vs. A. capensis: 1-2 at base of pinnae, indusium asymmetric)";"Not recorded in 1950; was Cyathea dregei"
393;"Hypericum lalandii";"CLUS";"Lalands St Johns Wort";"Hypericum lalandii";"might be extralimital must check";;;"Perennial;  stems 4-angled; upper leaves pressing to stem, margins rolled over; flowers yellow, petals not black dotted; many anthers, in branched, leafy heads, capsule dry";"Damp areas; rare; Skeleton Gorge"
319;"Sphaeropteris cooperi";"CYAT";"Australian Tree Fern";"Sphaeropteris cooperi";"might be extralimital must check";;;"Tree fern; fronds with brown, serrated scales (not black ro smooth), no moss-like interfrond leaflets";"Not recorded in 1950; was Cyathea cooperi"
232;"Aster subulata ";"ASTE";"Common Saltmarsh Aster";"Aster subulata ";;;;"Perennial, erect, to 2m tall, much branched; flowerheads branched; fruit ribbed";"Waste areas; occasional, apparently spreading in 1950; Observatory, Pinelands, Kirstenbosch"
69;"Banksia ericifolia var. ericifolia";"PROT";"Heath-leaf Banksia";"Banksia ericifolia var. ericifolia";;;;"Leaf erica-like, narrow, 15-20mm long; Banksia head - long and cylindrical, orange to red";"Not recorded on Peninsula"
112;"Banksia integrifolia var. integrifolia";"PROT";"Coast Banksia";"Banksia integrifolia var. integrifolia";;;;"Shrub to 25m, resprouter, leaves in whorls, toothed in juveniles, entire in adults; banksia head cylindrical, follicles open at maturity";"From SAPIA 2010; may root sucker to 4m; sandy soils"
109;"Glebionis coronarium";"ASTE";"Crown Daisy";"Glebionis coronarium";;;;"Annual, erect, to 1.5m; leaf bipinnately lobed, aromatic; heads small, yellow or white rays, rays broad, ribbed, 2-5 toothed";"From SAPIA 2010; previously in Chrysanthemum, Leucanthemum"
405;"Jussiaea angustifolia ";"ONAG";"Water Primrose";"Jussiaea angustifolia ";;;;"Perennial, prostrate; much branched, hairy when young; leaf dark green; flowers pink, solitary, axillary; sepals enlarged in fruiting";"Dry slopes at Lions Head; rare"
